CMPD_CHEMBLID	CANONICAL_SMILES	STANDARD_VALUE
CHEMBL2387288	CC1CCCN1C2CCN(C2)c3ccc(NC(=O)NCc4cccs4)cc3	.1
CHEMBL565007	COc1ccc2OC(C(C)S(=O)(=O)c2c1)c3ccc(OCCCN4CCCC4)cc3	.4
CHEMBL2387284	CC1CCCN1C2CCN(C2)c3ccc(NC(=O)N4CCN(CC4)c5ccccc5)cc3	.4
CHEMBL558248	C[C@@H]1[C@H](Oc2ccccc2S1(=O)=O)c3ccc(OCCCN4CCCC4)cc3	.6
CHEMBL2387293	CC1CCCN1C2CCN(C2)c3ccc(NC(=O)Nc4ccc(Oc5ccccc5)cc4)cc3C	.6
CHEMBL1222593	C(c1ccc(cc1)C(N2CCCN(CC2)C3CCC3)c4nnnn4Cc5ccccc5)n6cccn6	.7
CHEMBL478395	C[C@H]1CCCN(CCCOc2ccc(cc2)N3C(=Nc4ccccc4C3=O)C)C1	.72
CHEMBL455681	CN1C(=O)c2ccccc2N=C1c3ccc(OC4CCN(CC4)C5CCCC5)cc3	.74
CHEMBL3427242	C[C@@H]1CCCN1CCc2ccc(cc2)c3ccc(Cc4nnn[nH]4)cc3	.78
CHEMBL517937	CC1=Nc2ccc(F)cc2C(=O)N1c3ccc(OC4CCN(CC4)C5CCC5)cc3	1.2
CHEMBL477363	CC1=Nc2cccc(Cl)c2C(=O)N1c3ccc(OCCCN4CCCC4)cc3	1.3
CHEMBL484189	COc1ccc2N=C(C)N(C(=O)c2c1)c3ccc(OC4CCN(CC4)C5CCC5)cc3	1.5
CHEMBL515150	CC1=Nc2c(F)cccc2C(=O)N1c3ccc(OCCCN4CCCC4)cc3	1.5
CHEMBL458359	CC1=Nc2ccc(Cl)cc2C(=O)N1c3ccc(OC4CCN(CC4)C5CCC5)cc3	1.5
CHEMBL3127679	CC(C)N1CCN(CC1)C(=O)C2CC3(CCN(CC3)C4CCOCC4)C2	1.7
CHEMBL476106	CC1=Nc2cc(F)ccc2C(=O)N1c3ccc(OCCCN4CCCC4)cc3	1.8
CHEMBL521327	CC1=Nc2cnccc2C(=O)N1c3ccc(OC4CCN(CC4)C5CCC5)cc3	1.8
CHEMBL2441945	Cl.N=C(NCCCCc1ccc(cc1)C#N)SCCCN2CCCCC2	2
CHEMBL3427241	C[C@@H]1CCCN1CCc2ccc(cc2)c3ccc(cc3)C4(CCCC4)NC(=O)CCCC(=O)O	2.1
CHEMBL1222946	C[C@@H]1CN(CCN1C2CCC2)C(c3ccc(F)cc3)c4nnnn4Cc5ccccc5	2.2
CHEMBL3427227	C[C@@H]1CCCN1CCc2ccc(cc2)c3ccc(CCC(=O)O)cc3	2.5
CHEMBL564514	C(COc1ccc(cc1)[C@H]2Oc3ccccc3S[C@H]2c4ccccc4)CN5CCCC5	3
CHEMBL1221429	CNC(=O)c1ccc(cc1)C(N2CCCN(CC2)C3CCC3)c4nnnn4Cc5ccccc5	3
CHEMBL3127692	CC(C)S(=O)(=O)N1CCC2(CCN(C2)C(=O)N3CCCN(CC3)C4CCC4)CC1	3.2
CHEMBL483366	CC1=Nc2ccccc2C(=O)N1c3ccc(OC4CCN(CC4)C5CCCC5)cc3	3.2
CHEMBL3427239	COC(=O)C1(CCCC1)c2ccc(cc2)c3ccc(CCN4CCC[C@H]4C)cc3	3.3
CHEMBL1222947	C[C@@H]1CN(C[C@H](C)N1C2CCC2)C(c3ccc(F)cc3)c4nnnn4Cc5ccccc5	3.4
CHEMBL1222502	C(c1ccccc1)n2nnnc2C(N3CCCN(CC3)C4CCC4)c5ccc(cc5)c6csnn6	3.6
CHEMBL3677897	CC(C)N1CCN(CC1)C(=O)C2CC2c3ccccc3	3.69
CHEMBL3677902	NC(=O)c1ccc(cc1)C2CC2C(=O)N3CCN(CC3)C4CCC4	3.81
CHEMBL3127688	O=C(N1CCCN(CC1)C2CCC2)N3CCC4(CCCN(C4)C(=O)c5ccccc5)C3	4
CHEMBL1223236	C(c1ccc(cc1)C(N2CCCN(CC2)C3CCC3)c4nnnn4Cc5ccccc5)n6cncn6	4.6
CHEMBL3427229	C[C@@H]1CCCN1CCc2ccc(cc2)c3ccc(COCC(=O)O)cc3	5.5
CHEMBL1223515	CN(C)S(=O)(=O)c1ccc(cc1)C(N2CCCN(CC2)C3CCC3)c4nnnn4Cc5ccccc5	6.8
CHEMBL3127708	O=C(C1CC12CCN(CC2)C3CCCCC3)N4CCN(CC4)C5CCCCC5	10
CHEMBL521022	CC1=Nc2ccccc2C(=O)N1c3ccc(O[C@@H]4CC[C@@H](CC4)N5CCCC5)cc3	10
CHEMBL3127702	O=C(C1CC12CCN(CC2)C3CCOCC3)N4CCN(CC4)C5CCCCC5	12
CHEMBL3127693	O=C(N1CCN(CC1)C2CCC2)N3CCC4(CCN(CC4)C(=O)c5ccccc5)C3	13
CHEMBL3127704	O=C(C1CC12CCN(CC2)C3CCOCC3)N4CCCN(CC4)C5CCC5	17
CHEMBL3127699	O=C(C1CC12CCN(CC2)C3CCOCC3)N4CCN(CC4)C5CC5	19
CHEMBL1269952	CC1CC(O)(\C=C\c2cccc3ccccc23)C(C)CN1C	20
CHEMBL476962	CN(CCN1CCCCC1)C(=O)N2CCC3(CC2)OC(=O)c4ccccc34	21
CHEMBL1223377	CC(C)c1ccc(cc1)C(N2CCCN(CC2)C3CCC3)c4nnnn4Cc5ccccc5	28
CHEMBL1222809	Fc1ccc(cc1)C(N2CCN(CC2)C3CCCC3)c4nnnn4Cc5ccccc5	31
CHEMBL3127683	CC(C)N1CCN(CC1)C(=O)N2CCC3(CCN(CC3)C4CCOCC4)C2	32
CHEMBL1222664	C(c1ccccc1)n2nnnc2C(N3CCCN(CC3)C4CCC4)c5ccc6cc[nH]c6c5	32
CHEMBL1223448	Clc1ccc(cc1)C(N2CCCN(CC2)C3CCC3)c4nnnn4Cc5ccccc5	34
CHEMBL3677877	O=C([C@H]1CC1c2ccccc2)N3CCN(CC3)C4CC4	44.7
CHEMBL3677881	CC(C)(C)N1CCN(CC1)C(=O)[C@H]2CC2c3ccccc3	45.3
CHEMBL483189	CCN1CCC(CC1)Oc2ccc(cc2)N3C(=Nc4ccccc4C3=O)C	49
CHEMBL1223310	FC(F)Oc1cccc(c1)C(N2CCCN(CC2)C3CCC3)c4nnnn4Cc5ccccc5	58
CHEMBL3127672	CC(C)N1CCN(CC1)C(=O)[C@@H]2CC23CCN(CC3)C4CCOCC4	87
CHEMBL523992	CN(CCN1CCCCC1)C(=O)N2CCC(CC2)(c3ccccc3)c4ccccc4	98
CHEMBL491614	CN(CCN1CCCCC1)C(=O)N2CCC(CC2)c3ccc4ccccc4c3	110
CHEMBL2387300	CCN(CC)CCOc1ccc(NC(=O)Nc2ccc(F)cc2F)cc1	111.4
CHEMBL1222662	C(c1ccccc1)n2nnnc2C(N3CCCN(CC3)C4CCC4)c5ccc6[nH]ccc6c5	119
CHEMBL1929412	Nc1nc2ccccc2nc1CNc3ccc(CN4CCCCC4)cc3	129.7
CHEMBL1929407	CCN(CC)Cc1ccc(OCCNc2nc3ccccc3nc2N)cc1	182
CHEMBL3677888	O=C([C@H]1CC1c2ccc(cc2)N3CCCC3)N4CCN(CC4)C5CCC5	351
CHEMBL1222945	Fc1ccc(cc1)C(N2CCCN(CC2)C3CCCC3)c4nnnn4Cc5ccccc5	356
CHEMBL2021985	CN(C)c1ccc(NC(=O)NS(=O)(=O)c2ccc(OCCCN3CCCC3)cc2)cc1	500
CHEMBL1223009	Fc1ccc(cc1)C(N2C[C@H]3CC[C@@H](C2)N3C4CCC4)c5nnnn5Cc6ccccc6	516
CHEMBL560230	FC(F)(F)c1cccc(n1)C(=O)NCCc2ccc(OCCN3CCCC3)c(Br)c2	560
CHEMBL490993	CN(CCN1CCCCC1)C(=O)N2CCC3(CC2)NC(=O)c4ccccc4N3	560
CHEMBL501876	CN(CCN1CCCCC1)C(=O)N2CCc3ccccc3C2	680
CHEMBL559843	CC1CCCN1CCOc2ccc(CCNC(=O)c3cc(Br)cs3)cc2Br	710
CHEMBL3677899	NC(=O)c1cccc(c1)C2CC2C(=O)N3CCN(CC3)C4CCC4	1050
CHEMBL2419570	O=C(Cc1c[nH]c2ccccc12)Nc3ccc(CN4CCCCC4)cc3	2840
CHEMBL399203	Oc1cc(cc2c1NC(=NS2(=O)=O)Nc3ccccc3Oc4ccccc4)[N+](=O)[O-]	3200
CHEMBL3677897	CC(C)N1CCN(CC1)C(=O)C2CC2c3ccccc3	3534
CHEMBL3677875	O=C([C@H]1CC1c2ccccc2)N3CCN(CC3)C4CCCCCC4	4160
CHEMBL550141	CN(C)CCOc1ccc(CCNC(=O)c2cccn2C)cc1Br	4540
CHEMBL2419588	CCN(CC)Cc1ccc(OC(=O)Cc2c[nH]c3ccccc23)cc1	4610
CHEMBL2441937	Cl.Clc1ccc(CNC(=N)SCCCN2CCNCC2)cc1	6309.57
CHEMBL3677891	O=C([C@@H]1CC1c2ccccc2)N3CCN(CC3)C4CCC4	6420
CHEMBL2419577	CCN(CC)Cc1ccc(NC(=O)CCc2c[nH]c3ccccc23)cc1	10000
CHEMBL2419576	O=C(CCc1c[nH]c2ccccc12)Nc3ccc(CN4CCOCC4)cc3	10000
CHEMBL2021979	FC(F)(F)c1ccc(NC(=O)NS(=O)(=O)c2ccc(OCCCCN3CCCCC3)cc2)cc1	10000
CHEMBL2419568	CCN(CC)Cc1ccc(OC(=O)CCc2c[nH]c3ccccc23)cc1	10000
CHEMBL2021974	FC(F)(F)c1ccc(NC(=O)NS(=O)(=O)c2ccc(OCCCCN3CCCC3)cc2)cc1	22600
CHEMBL2024393	FC(F)(F)c1ccc(NC(=O)NS(=O)(=O)c2ccc(OCCN3CCCCC3)cc2)cc1	82000
CHEMBL2024392	Clc1ccc(Cl)c(NC(=O)NS(=O)(=O)c2ccc(OCCN3CCCCC3)cc2)c1	93600
CHEMBL2403550	C[C@H]1CCCN1[C@H]2CCN(C2)c3ccc(NC(=O)c4cc(F)ccc4C)c(C)c3	.006
CHEMBL2387315	CC1CCCN1C2CCN(C2)c3ccc(NC(=O)NC4CCCCC4)c(C)c3	.2
CHEMBL2387289	CC1CCCN1C2CCN(C2)c3ccc(NC(=O)NCc4cccs4)cc3C	.2
CHEMBL2387317	CC1CCCN1C2CCN(C2)c3ccc(NC(=O)N4CCN(C)CC4)cc3	.2
CHEMBL562722	COc1cccc2c1OC(C(C)S2(=O)=O)c3ccc(OCCCN4CCCC4)cc3	.39
CHEMBL2391151	CC1CCCN1C2CCN(C2)c3ccc(NC(=O)c4cc(Cl)cc(Cl)c4)cc3	.48
CHEMBL1222434	CN1CCN(CC1)c2ccc(cc2)C(N3CCCN(CC3)C4CCC4)c5nnnn5Cc6ccccc6	.5
CHEMBL513893	COc1ccc2c(c1)C(=O)O[C@@]23CC[C@H](CC3)C(=O)N(C)CCN4CCCCC4	.54
CHEMBL453653	COc1cccc2N=C(N(C)C(=O)c12)c3ccc(OC4CCN(CC4)C5CCC5)cc3	.54
CHEMBL488248	CN1C(=O)c2ccccc2N=C1c3ccc(OCCCN4CCCC4)cc3	.68
CHEMBL479036	CC(C)C1=Nc2ccccc2C(=O)N1c3ccc(OCCCN4CCCC4)cc3	.81
CHEMBL3677895	O=C(C1CC1c2cccc(c2)C#N)N3CCN(CC3)C4CCC4	.834
CHEMBL556100	CC1=C(Oc2ccccc2S1(=O)=O)c3ccc(OCCCN4CCCC4)cc3	.84
CHEMBL3427235	C[C@@H]1CCCN1CCc2ccc(cc2)c3ccc(CCNC(=O)C(C)(C)C(=O)OC(C)(C)C)cc3	.95
CHEMBL477364	CC1=Nc2cc(ccc2C(=O)N1c3ccc(OCCCN4CCCC4)cc3)C(F)(F)F	.96
CHEMBL520629	COc1cccc2N=C(C)N(C(=O)c12)c3ccc(OC4CCN(CC4)C5CCC5)cc3	1.2
CHEMBL478615	CC1=Nc2cc(C)ccc2C(=O)N1c3ccc(OCCCN4CCCC4)cc3	1.2
CHEMBL487060	O=C1N(C(=Nc2ccccc12)c3ccc(OCCCN4CCCCC4)cc3)c5ccccc5	1.6
CHEMBL1270165	CC1CC(O)(CCc2ccc3ccccc3c2)C(C)CN1C	2
CHEMBL477356	CC1=Nc2cccc(F)c2C(=O)N1c3ccc(OCCCN4CCCC4)cc3	2.2
CHEMBL3127691	O=C(N1CCCN(CC1)C2CCC2)N3CCC4(CCN(CC4)S(=O)(=O)c5ccccc5)C3	2.7
CHEMBL487063	CC1=Nc2ccccc2C(=O)N1c3ccc(OCCCN4CCCCC4)cc3	3.1
CHEMBL3127700	O=C(C1CC12CCN(CC2)C3CCOCC3)N4CCN(CC4)C5CCC5	3.6
CHEMBL477361	C[C@@H]1CCCN1CCCOc2ccc(cc2)N3C(=Nc4ccccc4C3=O)C	4.3
CHEMBL3127681	O=C(N1CCCN(CC1)C2CCC2)N3CCC4(CCCN(C4)C5CCOCC5)C3	4.4
CHEMBL3124968	CC(C)N1CCN(CC1)C(=O)[C@H]2CC23CCN(CC3)C4CCOCC4	8.3
CHEMBL1270264	CC1CC(O)(C#Cc2cccc3ncccc23)C(C)CN1C	12
CHEMBL519839	CC(C)N1CCC(CC1)Oc2ccc(cc2)N3C(=Nc4ccccc4C3=O)C	14
CHEMBL3427237	COC(=O)CCCC(=O)NC1(CCCC1)c2ccc(cc2)c3ccc(CCN4CCC[C@H]4C)cc3	15
CHEMBL260374	S=C(NC1CCCCC1)N2CCC(CC2)c3cnc[nH]3	16
CHEMBL1270058	CC1CC(O)(CCc2cccc3ccccc23)C(C)CN1C	17
CHEMBL2441933	Cl.Clc1ccc(CNC(=N)SCCCN2CCCC2)cc1	19.95
CHEMBL1223514	O=C1CCCN1c2ccc(cc2)C(N3CCCN(CC3)C4CCC4)c5nnnn5Cc6ccccc6	21
CHEMBL1222808	Fc1ccc(cc1)C(N2CCN(CC2)C3CCC3)c4nnnn4Cc5ccccc5	25
CHEMBL446516	CC1CC(C)CN(CCCOc2ccc(cc2)N3C(=Nc4ccccc4C3=O)C)C1	28
CHEMBL3677889	O=C([C@H]1CC1c2ccc(cc2)c3cn[nH]c3)N4CCN(CC4)C5CCC5	29.1
CHEMBL3677890	O=C([C@H]1CC1c2ccc(cc2)C#N)N3CCN(CC3)C4CCC4	30.4
CHEMBL1222873	Fc1ccc(cc1)C(N2CCCN(CC2)C3CCC3)c4nnnn4Cc5ccccc5	47
CHEMBL1223447	FC(F)(F)Oc1ccc(cc1)C(N2CCCN(CC2)C3CCC3)c4nnnn4Cc5ccccc5	51
CHEMBL1223238	Clc1cccc(c1)C(N2CCCN(CC2)C3CCC3)c4nnnn4Cc5ccccc5	64
CHEMBL2419579	C(Cc1c[nH]c2ccccc12)Nc3ccc(CN4CCCCC4)cc3	80
CHEMBL569374	Brc1cc(CCNC(=O)c2ocnc2)ccc1OCCN3CCCC3	80
CHEMBL3677874	O=C([C@H]1CC1c2ccccc2)N3CCN(CC3)C4CCCCC4	105
CHEMBL3677903	CC(C)N1CCN(CC1)C(=O)C2CC2c3cnn(C)c3	127.3
CHEMBL2024378	NS(=O)(=O)c1ccc(OCCCN2CCCCC2)cc1	130
CHEMBL3127682	CC(C)N1CCN(CC1)C(=O)N2CCC3(CCCN(C3)C4CCOCC4)C2	140
CHEMBL3127705	O=C(C1CC12CCN(CC2)C3CCOCC3)N4CCN(CC4)c5ccncc5	140
CHEMBL1223008	Fc1ccc(cc1)C(N2C[C@@H]3C[C@H]2CN3C4CCC4)c5nnnn5Cc6ccccc6	241
CHEMBL1929400	Nc1nc2ccccc2nc1NC(=O)c3ccc(CN4CCCCC4)cc3	280
CHEMBL2441949	Cl.Clc1ccc(CCCCC(=O)NCCCN2CCCCC2)cc1	316.23
CHEMBL2021990	CC(=O)c1ccc(NC(=O)NS(=O)(=O)c2ccc(OCCCN3CCCCC3)cc2)cc1	320
CHEMBL476963	CN(CCN1CCCCC1)C(=O)N2CCC3(CC2)OCc4ccccc34	387
CHEMBL489580	CN(CCN1CCCCC1)C(=O)N2CCC(Cc3ccccc3)CC2	393
CHEMBL560629	Clc1cccc(c1)C(=O)NCCc2ccc(OCCN3CCCC3)c(Br)c2	550
CHEMBL490787	CN(CCN1CCCCC1)C(=O)N2CCC(CC2)C(C)(C)C	1000
CHEMBL559766	CN(C)CCOc1ccc(CCNC(=O)c2cc(Br)cs2)cc1Br	1520
CHEMBL2021968	FC(F)(F)c1ccc(NC(=O)NS(=O)(=O)c2ccc(OCCCN3CCCCC3)cc2)cc1	1740
CHEMBL3677900	O=C(C1CC1c2cccc(c2)N3CCCC3=O)N4CCN(CC4)C5CCC5	1800
CHEMBL493091	CN(C)CCCOc1ccc(CCNC(=O)c2cc(Br)c[nH]2)cc1Br	2350
CHEMBL1223080	CN(C)C1CCN(CC1)C(c2ccc(F)cc2)c3nnnn3Cc4ccccc4	3612
CHEMBL561837	CN(C)CCCOc1ccc(CCNC(=O)c2cccn2C)cc1Br	3990
CHEMBL2024398	Clc1ccc(Cl)c(NC(=O)NS(=O)(=O)c2ccc(OCCCN3CCCC3)cc2)c1	8310
CHEMBL2021971	O=C(Nc1ccccc1)NS(=O)(=O)c2ccc(OCCCCN3CCCC3)cc2	18000
CHEMBL1222806	Fc1ccc(cc1)C(N2CCOCC2)c3nnnn3Cc4ccccc4	20000
CHEMBL1223079	Fc1ccc(cc1)C(N2CCn3cnnc3C2)c4nnnn4Cc5ccccc5	20000
CHEMBL549332	Brc1c[nH]c(c1)C(=O)NCCc2ccc(OCCN3CCOCC3)c(Br)c2	29100
CHEMBL2021972	O=C(NC1CCCCC1)NS(=O)(=O)c2ccc(OCCCCN3CCCC3)cc2	29900
CHEMBL2021969	CCOC(=O)C1CCN(CCCOc2ccc(cc2)S(=O)(=O)NC(=O)Nc3ccccc3)CC1	91100
CHEMBL2024310	CCOC(=O)C1CCN(CCOc2ccc(cc2)S(=O)(=O)N)CC1	10000000
CHEMBL2024379	CCOC(=O)C1CCN(CCCOc2ccc(cc2)S(=O)(=O)N)CC1	10000000
CHEMBL2024384	CC(C)NC(=O)NS(=O)(=O)c1ccc(OCCN2CCCC2)cc1	100000000
CHEMBL2387314	CC1CCCN1C2CCN(C2)c3ccc(NC(=O)NC4CCCCC4)cc3	.1
CHEMBL562870	COc1cccc2c1OC(C(C)S2(=O)=O)c3ccc(OC4CCN(CC4)C5CCC5)cc3	.16
CHEMBL2387316	CC1CCCN1C2CCN(C2)c3ccc(NC(=O)NC4CCCCC4)cc3C	.2
CHEMBL2387307	Cc1c(Cl)cc(NC(=O)Nc2ccc(OCCCN3CCCCC3)cc2)cc1Cl	.2
CHEMBL487059	O=C1N(Cc2ccccc2)C(=Nc3ccccc13)c4ccc(OCCCN5CCCCC5)cc4	.31
CHEMBL485543	CC1=Nc2cccc(c2C(=O)N1c3ccc(OC4CCN(CC4)C5CCC5)cc3)C(F)(F)F	.33
CHEMBL1223158	CN1CCN(Cc2ccc(cc2)C(N3CCCN(CC3)C4CCC4)c5nnnn5Cc6ccccc6)CC1	.4
CHEMBL2387309	Fc1ccc(NC(=O)Nc2ccc(OCCCN3CCCCC3)cc2)c(F)c1	.5
CHEMBL2387306	Clc1cc(Cl)cc(NC(=O)Nc2ccc(OCCCN3CCCCC3)cc2)c1	.5
CHEMBL351231	C[C@@H]1CCCN1CCc2oc3ccc(cc3c2)c4ccc(cc4)C#N	.63
CHEMBL1783890	CNC(=O)c1cnc(Oc2ccc3CCN(CCc3c2)C4CCC4)cn1	.631
CHEMBL1934523	COCCCS(=O)(=O)c1ccc(cc1)c2ccc(CCN3CCC[C@H]3C)cc2	.7
CHEMBL514217	CN(CCN1CCCCC1)C(=O)[C@@H]2CC[C@]3(CC2)OC(=O)c4ccccc34	.72
CHEMBL3427238	COC(=O)CC(=O)NCCc1ccc(cc1)c2ccc(CCN3CCC[C@H]3C)cc2	.99
CHEMBL487064	CN1C(=O)c2ccccc2N=C1c3ccc(OCCCN4CCCCC4)cc3	1.2
CHEMBL478616	CC1=Nc2c(C)cccc2C(=O)N1c3ccc(OCCCN4CCCC4)cc3	1.7
CHEMBL476323	CC1=Nc2cccc(c2C(=O)N1c3ccc(OCCCN4CCCC4)cc3)C(F)(F)F	1.7
CHEMBL476373	CC1=Nc2ccccc2C(=O)N1c3ccc(OCCCN4CCCC4)cc3	1.7
CHEMBL476322	CC1=Nc2c(cccc2C(F)(F)F)C(=O)N1c3ccc(OCCCN4CCCC4)cc3	2.2
CHEMBL477152	COc1cccc2C(=O)N(C(=Nc12)C)c3ccc(OCCCN4CCCC4)cc3	3.7
CHEMBL1222594	C(c1ccccc1)n2nnnc2C(N3CCCN(CC3)C4CCC4)c5ccc(cc5)c6ccccn6	5.9
CHEMBL3677899	NC(=O)c1cccc(c1)C2CC2C(=O)N3CCN(CC3)C4CCC4	6.19
CHEMBL2441946	Cl.N=C(NCCCCN1CCCCC1)SCCCN2CCCCC2	6.31
CHEMBL3677876	O=C([C@H]1CC1c2ccccc2)N3CCN(CC3)C4CCC4	6.4
CHEMBL2387301	CCN(CC)CCCOc1ccc(NC(=O)Nc2ccc(F)cc2F)cc1	7.9
CHEMBL3127684	CS(=O)(=O)N1CCC2(CC1)CC(C2)C(=O)N3CCN(CC3)C4CCC4	11
CHEMBL1269843	CC1CC(O)(C#Cc2cccc3ccccc23)C(C)CN1C	11
CHEMBL3127678	CC(C)N1CCCN(CC1)C(=O)C2CC3(CCN(CC3)C4CCOCC4)C2	14
CHEMBL3677902	NC(=O)c1ccc(cc1)C2CC2C(=O)N3CCN(CC3)C4CCC4	14.4
CHEMBL2441944	Cl.FC(F)(F)c1ccc(CCCCNC(=N)SCCCN2CCCCC2)cc1	15.85
CHEMBL213886	Clc1ccc(CNCC[C@@H]2C[C@H]2c3c[nH]cn3)cc1	17
CHEMBL3677890	O=C([C@H]1CC1c2ccc(cc2)C#N)N3CCN(CC3)C4CCC4	17.5
CHEMBL3677901	O=C(C1CC1c2cccc(c2)N3CCCCC3=O)N4CCN(CC4)C5CCC5	18.2
CHEMBL1223450	NC(=O)c1ccc(cc1)C(N2CCCN(CC2)C3CCC3)c4nnnn4Cc5ccccc5	19
CHEMBL443958	C[C@@H]1CC[C@@H](C)N1CCCOc2ccc(cc2)N3C(=Nc4ccccc4C3=O)C	20
CHEMBL3677890	O=C([C@H]1CC1c2ccc(cc2)C#N)N3CCN(CC3)C4CCC4	20.2
CHEMBL477556	CC1CCN(CCCOc2ccc(cc2)N3C(=Nc4ccccc4C3=O)C)CC1	23
CHEMBL2441943	Cl.N=C(NCCCCCc1ccccc1)SCCCN2CCCCC2	31.62
CHEMBL214312	C(C[C@H]1C[C@@H]1c2c[nH]cn2)NCC3CCCCC3	37
CHEMBL2387308	Fc1ccc(NC(=O)Nc2ccc(OCCN3CCCCC3)cc2)c(F)c1	40.5
CHEMBL516126	C[C@@H]1CCCN(CCCOc2ccc(cc2)N3C(=Nc4ccccc4C3=O)C)C1	41
CHEMBL3331156	CCN1CCc2nc(OC3CCN(CC3)C4CCC4)ncc2C1=O	50
CHEMBL3677887	CS(=O)(=O)Nc1ccc(cc1)C2C[C@@H]2C(=O)N3CCN(CC3)C4CCC4	62.5
CHEMBL1222730	C(c1ccccc1)n2nnnc2C(N3CCCN(CC3)C4CCC4)c5ccc6ncccc6c5	102
CHEMBL1223449	Brc1ccc(cc1)C(N2CCCN(CC2)C3CCC3)c4nnnn4Cc5ccccc5	115
CHEMBL2441948	Cl.FC(F)(F)c1ccc(CCCCNC(=O)CCCN2CCCCC2)cc1	125.89
CHEMBL3677879	CCCN1CCN(CC1)C(=O)[C@H]2CC2c3ccccc3	146
CHEMBL2387299	CN(C)CCOc1ccc(NC(=O)Nc2ccc(F)cc2F)cc1	148.6
CHEMBL1929401	Cl.Nc1nc2ccccc2nc1NC(=O)c3ccc(CN4CCCCC4)cc3	170.6
CHEMBL490195	CN(CCN1CCCCC1)C(=O)N2CCC(CC2)c3cccc4ccccc34	343
CHEMBL489973	CN(CCN1CCCCC1)C(=O)N2CCC3(CC2)Cc4ccccc4C(=O)O3	380
CHEMBL2021986	O=C(NC(c1ccccc1)c2ccccc2)NS(=O)(=O)c3ccc(OCCCN4CCCC4)cc3	500
CHEMBL2021992	O=C(NC(c1ccccc1)c2ccccc2)NS(=O)(=O)c3ccc(OCCCN4CCCCC4)cc3	500
CHEMBL260374	S=C(NC1CCCCC1)N2CCC(CC2)c3cnc[nH]3	517.5
CHEMBL3677901	O=C(C1CC1c2cccc(c2)N3CCCCC3=O)N4CCN(CC4)C5CCC5	733.4
CHEMBL520800	CN1CCC(CC1)Oc2ccc(cc2)N3C(=Nc4ccccc4C3=O)C	740
CHEMBL522117	CN(CCN1CCCCC1)C(=O)N2CCC3(CC2)NC(=O)Cc4ccccc34	783
CHEMBL2419587	O=C(Cc1c[nH]c2ccccc12)Oc3ccc(CN4CCOCC4)cc3	790
CHEMBL2419585	O=C(Cc1c[nH]c2ccccc12)Oc3ccc(CN4CCCCC4)cc3	1040
CHEMBL1222948	C[C@@H]1CN(CCN1)C(c2ccc(F)cc2)c3nnnn3Cc4ccccc4	1761
CHEMBL564035	CN1CCCC(COc2ccc(CCNC(=O)c3ccc[nH]3)cc2Br)C1	3630
CHEMBL570774	CN(C)CCOc1ccc(CCNC(=O)c2cc(Br)c[nH]2)cc1Br	3720
CHEMBL559842	CN1CCCC(COc2ccc(CCNC(=O)c3oc(Br)cc3)cc2Br)C1	4560
CHEMBL2024309	NS(=O)(=O)c1ccc(OCCN2CCCCC2)cc1	10000
CHEMBL1082723	C[C@H]1Cc2c([nH]c3cc(Cl)c(F)cc23)[C@@]4(N1)C(=O)Nc5ccc(Cl)cc45	10000
CHEMBL2024390	O=C(Nc1ccccc1)NS(=O)(=O)c2ccc(OCCN3CCCCC3)cc2	10000
CHEMBL2021987	FC(F)(F)c1ccccc1NC(=O)NS(=O)(=O)c2ccc(OCCCN3CCCCC3)cc2	10400
CHEMBL2021978	Clc1ccc(Cl)c(NC(=O)NS(=O)(=O)c2ccc(OCCCCN3CCCCC3)cc2)c1	13200
CHEMBL2024389	CC(C)NC(=O)NS(=O)(=O)c1ccc(OCCN2CCCCC2)cc1	16600
CHEMBL2024391	O=C(NC1CCCCC1)NS(=O)(=O)c2ccc(OCCN3CCCCC3)cc2	53800
CHEMBL563666	Brc1cc(CCNC(=O)c2ccc[nH]2)ccc1OCCN3CCOCC3	59200
CHEMBL2021977	O=C(NC1CCCCC1)NS(=O)(=O)c2ccc(OCCCCN3CCCCC3)cc2	10000000
CHEMBL2387290	CC1CCCN1C2CCN(C2)c3ccc(NC(=O)NCc4cc(Cl)cc(Cl)c4)cc3	.2
CHEMBL484946	CC1=Nc2cccc(C)c2C(=O)N1c3ccc(OC4CCN(CC4)C5CCC5)cc3	.27
CHEMBL2387285	CC1CCCN1C2CCN(C2)c3ccc(NC(=O)N4CCCCC4)cc3	.3
CHEMBL550050	COc1cccc2c1OC(C(C)S2(=O)=O)c3ccc(OCCCN4CCCCC4)cc3	.34
CHEMBL549639	COc1cccc2OC(C(C)S(=O)(=O)c12)c3ccc(OCCCN4CCCC4)cc3	.44
CHEMBL487230	CCCN1C(=O)c2ccccc2N=C1c3ccc(OCCCN4CCCCC4)cc3	.47
CHEMBL517140	CNC(=O)c1ccc(Oc2ccc3CCN(CCc3c2)C4CCC4)nc1	.55
CHEMBL3427228	CCOC(=O)COCc1ccc(cc1)c2ccc(CCN3CCC[C@H]3C)cc2	.67
CHEMBL453894	CN1C(=O)c2cccc(c2N=C1c3ccc(OC4CCN(CC4)C5CCC5)cc3)C(F)(F)F	.7
CHEMBL3127674	O=C(C1CC2(CCN(CC2)C3CCOCC3)C1)N4CCCN(CC4)C5CCC5	.8
CHEMBL563779	COc1cccc2c1OC(C(C)S2(=O)=O)c3ccc(OCCCN4CCC[C@@H]4C)cc3	.82
CHEMBL519067	CCN1C(=O)c2ccccc2N=C1c3ccc(OCCCN4CCCCC4)cc3	.87
CHEMBL516697	CC1=Nc2cc(F)c(F)cc2C(=O)N1c3ccc(OC4CCN(CC4)C5CCC5)cc3	.91
CHEMBL2387311	CC1CCCN1C2CCN(C2)c3ccc(NC(=O)Nc4cc(Cl)cc(Cl)c4)cc3	.95
CHEMBL479242	CC1=Nc2cccc(C)c2C(=O)N1c3ccc(OCCCN4CCCC4)cc3	.98
CHEMBL3427232	COC(=O)CCc1ccc(cc1)c2ccc(CCN3CCC[C@H]3C)cc2	1.1
CHEMBL2387319	CC1CCCN1C2CCN(C2)c3ccc(NC(=O)N4CCN(C)CC4)cc3C	1.1
CHEMBL477991	COc1ccc2N=C(C)N(C(=O)c2c1)c3ccc(OCCCN4CCCC4)cc3	1.1
CHEMBL2387287	CC1CCCN1C2CCN(C2)c3ccc(NC(=O)N4CCC(C4)N(C)C(=O)C)cc3C	1.1
CHEMBL3427243	COC(=O)C(C)(C)C(=O)Nc1ccc(cc1)c2ccc(CCN3CCC[C@H]3C)cc2	1.2
CHEMBL203263	Clc1ccc(CNCCCCCc2c[nH]cn2)cc1	1.26
CHEMBL259482	OCC1CCN(Cc2ccc(OCCCN3CCCCC3)cc2)CC1	1.3
CHEMBL464598	CC1=Nc2cc(F)ccc2C(=O)N1c3ccc(OC4CCN(CC4)C5CCC5)cc3	1.3
CHEMBL3127676	O=C(C1CC2(CCN(CC2)C3CCOCC3)C1)N4CCN(CC4)C5CCCCC5	1.6
CHEMBL476579	CC1=Nc2ccccc2C(=O)N1c3ccc(OCCCN4CCCCCC4)cc3	1.6
CHEMBL550393	C[C@H]1Sc2ccccc2O[C@@H]1c3ccc(OCCCN4CCCC4)cc3	1.8
CHEMBL477360	C[C@H]1CCCN1CCCOc2ccc(cc2)N3C(=Nc4ccccc4C3=O)C	2.2
CHEMBL2151157	CC(C)N1CCCN(CC1)C(=O)C2CCN(CC2)c3ccc(nc3)C(F)(F)F	2.51
CHEMBL3427233	C[C@@H]1CCCN1CCc2ccc(cc2)c3ccc(cc3)C(C)(C)C(=O)O	3.1
CHEMBL3127698	CC(C)N1CCN(CC1)C(=O)C2CC23CCN(CC3)C4CCOCC4	3.2
CHEMBL3677898	O=C([C@H]1CC1c2cccc(c2)N3CCCC3=O)N4CCN(CC4)C5CCC5	5.09
CHEMBL3677902	NC(=O)c1ccc(cc1)C2CC2C(=O)N3CCN(CC3)C4CCC4	5.83
CHEMBL2387294	CN(C)CCc1ccc(NC(=O)Nc2ccc(CCN(C)C)cc2)cc1	6.5
CHEMBL3127701	O=C(C1CC12CCN(CC2)C3CCOCC3)N4CCN(CC4)C5CCCC5	8.8
CHEMBL1222500	Cc1nonc1c2ccc(cc2)C(N3CCCN(CC3)C4CCC4)c5nnnn5Cc6ccccc6	9.2
CHEMBL3677882	CC(C)N1CCN(CC1)C(=O)[C@H]2CC2c3ccc(F)cc3	10.2
CHEMBL3127687	CC(C)N1CCCN(CC1)C(=O)C2CC3(CCN(CC3)C(=O)c4ccccc4)C2	12
CHEMBL3677878	O=C([C@H]1CC1c2ccccc2)N3CCN(CC3)C4CCCC4	14
CHEMBL3677904	O=C([C@H]1CC1c2ccc(cc2)c3cncnc3)N4CCN(CC4)C5CCC5	20.24
CHEMBL516725	CCN(CC)CCCOc1ccc(cc1)N2C(=Nc3ccccc3C2=O)C	33
CHEMBL521503	CC1=Nc2ccccc2C(=O)N1c3ccc(OC4CCN(C4)C5CCCC5)cc3	37
CHEMBL3677879	CCCN1CCN(CC1)C(=O)[C@H]2CC2c3ccccc3	39.68
CHEMBL491806	CN(CCN1CCCCC1)C(=O)N2CCC3(CC2)N(C)C(=O)c4ccccc34	45
CHEMBL561293	Brc1cc(CCNC(=O)c2nccs2)ccc1OCCN3CCCC3	70
CHEMBL2024396	O=C(Nc1ccccc1)NS(=O)(=O)c2ccc(OCCCN3CCCC3)cc2	164
CHEMBL1929400	Nc1nc2ccccc2nc1NC(=O)c3ccc(CN4CCCCC4)cc3	189.3
CHEMBL3677886	O=C([C@H]1CC1c2ccc(cc2)N3CCCC3=O)N4CCN(CC4)C5CCC5	196.5
CHEMBL1929411	Nc1nc2ccccc2nc1C(=O)Nc3ccc(CN4CCCC4)cc3	260
CHEMBL1173391	C(C1CCN(CC1)c2ccc(cc2)c3ccccc3)c4c[nH]cn4	347
CHEMBL1929411	Nc1nc2ccccc2nc1C(=O)Nc3ccc(CN4CCCC4)cc3	378.5
CHEMBL3677886	O=C([C@H]1CC1c2ccc(cc2)N3CCCC3=O)N4CCN(CC4)C5CCC5	433
CHEMBL1929401	Cl.Nc1nc2ccccc2nc1NC(=O)c3ccc(CN4CCCCC4)cc3	511
CHEMBL2024381	NS(=O)(=O)c1ccc(OCCCCN2CCCC2)cc1	700
CHEMBL3677891	O=C([C@@H]1CC1c2ccccc2)N3CCN(CC3)C4CCC4	870.4
CHEMBL490400	CN(CCN1CCCCC1)C(=O)N2CCC(CC2)c3ccccc3	893
CHEMBL563558	FC(F)(F)c1cccc(c1)C(=O)NCCc2ccc(OCCN3CCCC3)c(Br)c2	980
CHEMBL3127697	CN1CCN(CC1)C(=O)C2CC23CCN(CC3)C4CCOCC4	1100
CHEMBL2441936	Cl.CN1CCN(CCCSC(=N)NCc2ccc(Cl)cc2)CC1	1258.93
CHEMBL2024400	CC(C)NC(=O)NS(=O)(=O)c1ccc(OCCCN2CCCCC2)cc1	1330
CHEMBL1223309	FC(F)Oc1ccccc1C(N2CCCN(CC2)C3CCC3)c4nnnn4Cc5ccccc5	1891
CHEMBL2419584	O=C(Oc1ccc(CN2CCCCC2)cc1)c3c[nH]c4ccccc34	2030
CHEMBL2419586	O=C(Cc1c[nH]c2ccccc12)Oc3ccc(CN4CCCC4)cc3	2460
CHEMBL3677884	Brc1ccc(cc1)C2C[C@H]2C(=O)N3CCN(CC3)C4CCC4	3400
CHEMBL561433	CN(C)CCOc1ccc(CCNC(=O)c2ccc[nH]2)cc1Br	3430
CHEMBL562235	CN1CCCC(COc2ccc(CCNC(=O)c3cccn3C)cc2Br)C1	3620
CHEMBL1269951	CC1CC(OC(=O)C)(C#Cc2cccc3ccccc23)C(C)CN1C	5508
CHEMBL2024395	CC(C)NC(=O)NS(=O)(=O)c1ccc(OCCCN2CCCC2)cc1	13400
CHEMBL2021988	FC(F)(F)c1cccc(NC(=O)NS(=O)(=O)c2ccc(OCCCN3CCCCC3)cc2)c1	20900
CHEMBL2021989	COc1ccc(NC(=O)NS(=O)(=O)c2ccc(OCCCN3CCCCC3)cc2)cc1	29800
CHEMBL1223513	O=C(Nc1ccccc1)c2ccc(cc2)C(N3CCCN(CC3)C4CCC4)c5nnnn5Cc6ccccc6	.3
CHEMBL507360	COc1nccc2C(=O)N(C)C(=Nc12)c3ccc(OC4CCN(CC4)C5CCC5)cc3	.31
CHEMBL453654	COc1ccc2N=C(N(C)C(=O)c2c1)c3ccc(OC4CCN(CC4)C5CCC5)cc3	.31
CHEMBL560386	COc1cccc2c1O[C@H]([C@H](C)S2(=O)=O)c3ccc(OCCCN4CCCC4)cc3	.43
CHEMBL479241	O=C1N(C(=Nc2ccccc12)c3ccccc3)c4ccc(OCCCN5CCCC5)cc4	.66
CHEMBL1222595	C(c1ccccc1)n2nnnc2C(N3CCCN(CC3)C4CCC4)c5ccc(Oc6ccccn6)cc5	.9
CHEMBL2387312	CC1CCCN1C2CCN(C2)c3ccc(NC(=O)Nc4cc(Cl)cc(Cl)c4)c(C)c3	.9
CHEMBL3427230	C[C@@H]1CCCN1CCc2ccc(cc2)c3ccc(CCn4cnnn4)cc3	.93
CHEMBL2387286	CC1CCCN1C2CCN(C2)c3ccc(NC(=O)N4CCC(C4)N(C)C(=O)C)cc3	1.1
CHEMBL1222436	C(c1ccccc1)n2nnnc2C(N3CCCN(CC3)C4CCC4)c5ccc(cc5)n6cccn6	1.2
CHEMBL1223235	C(c1ccccc1)n2nnnc2C(N3CCCN(CC3)C4CCC4)c5ccc(cc5)n6cncn6	1.6
CHEMBL458954	CC1=Nc2c(Cl)cccc2C(=O)N1c3ccc(OC4CCN(CC4)C5CCC5)cc3	1.7
CHEMBL485388	COc1ccc2C(=O)N(C(=Nc2c1)C)c3ccc(OC4CCN(CC4)C5CCC5)cc3	1.8
CHEMBL3127675	O=C(C1CC2(CCN(CC2)C3CCOCC3)C1)N4CCN(CC4)C5CCC5	1.9
CHEMBL1270059	C[C@@H]1C[C@@](O)(CCc2cccc3ccccc23)[C@@H](C)CN1C	2
CHEMBL3427236	C[C@@H](C(=O)NCCc1ccc(cc1)c2ccc(CCN3CCC[C@H]3C)cc2)C(=O)OC(C)(C)C	2.1
CHEMBL2387313	CC1CCCN1C2CCN(C2)c3ccc(NC(=O)Nc4cc(Cl)cc(Cl)c4)cc3C	3.1
CHEMBL487063	CC1=Nc2ccccc2C(=O)N1c3ccc(OCCCN4CCCCC4)cc3	3.1
CHEMBL484740	CC1=Nc2ccccc2C(=O)N1c3ccc(OC4CCC(C4)N5CCCC5)cc3	3.4
CHEMBL476373	CC1=Nc2ccccc2C(=O)N1c3ccc(OCCCN4CCCC4)cc3	3.5
CHEMBL518431	O=C1N(C=Nc2ccccc12)c3ccc(OCCCN4CCCC4)cc3	3.5
CHEMBL478434	COc1cccc2C(=O)O[C@@]3(CC[C@H](CC3)C(=O)N(C)CCN4CCCCC4)c12	3.6
CHEMBL3427225	C[C@@H]1CCCN1CCc2ccc(cc2)c3ccc(cc3)C(=O)O	3.8
CHEMBL478406	CC1=Nc2ccc(C)cc2C(=O)N1c3ccc(OCCCN4CCCC4)cc3	3.9
CHEMBL2441941	Cl.Clc1ccc(CCCNC(=N)SCCCN2CCCCC2)cc1	6.31
CHEMBL3677883	Brc1ccc(cc1)C2C[C@@H]2C(=O)N3CCN(CC3)C4CCC4	6.81
CHEMBL519018	CC1=Nc2ccccc2C(=O)N1c3ccc(OC4CCCN(CC4)C5CCCC5)cc3	7
CHEMBL484740	CC1=Nc2ccccc2C(=O)N1c3ccc(OC4CCC(C4)N5CCCC5)cc3	8.6
CHEMBL1269844	C[C@@H]1C[C@@](O)(C#Cc2cccc3ccccc23)[C@@H](C)CN1C	9
CHEMBL462605	Clc1ccc(CCCOCCCN2CCCCC2)cc1	12
CHEMBL483194	CC1=Nc2cccnc2C(=O)N1c3ccc(OC4CCN(CC4)C5CCC5)cc3	14
CHEMBL2387296	CN(C)CCCOc1ccc(NC(=O)Nc2cccc(C)c2C)cc1	14.7
CHEMBL3127670	O=C(C1CC12CCN(CCc3ccccc3)CC2)N4CCN(CC4)C5CCCCC5	16
CHEMBL1223311	C(c1ccccc1)n2nnnc2C(N3CCCN(CC3)C4CCC4)c5ccccc5	17
CHEMBL3127696	O=C(N1CCCN(CC1)C2CCC2)N3CCCC4(CCN(CC4)C(=O)c5ccccc5)C3	18
CHEMBL3127709	CC(C)N1CCC2(CC1)CC2C(=O)N3CCN(CC3)C4CCCCC4	19
CHEMBL1222729	Cn1nnc2cc(ccc12)C(N3CCCN(CC3)C4CCC4)c5nnnn5Cc6ccccc6	33
CHEMBL1223237	C(c1ccccc1)n2nnnc2C(N3CCCN(CC3)C4CCC4)c5ccc6occc6c5	41
CHEMBL3127686	O=C(C1CC2(CCN(CC2)C(=O)c3ccccc3)C1)N4CCN(CC4)C5CCC5	48
CHEMBL1221424	C(c1ccccc1)n2nnnc2C(N3CCCN(CC3)C4CCC4)c5ccc6OCCc6c5	58.5
CHEMBL3127685	O=C(C1CC2(CCN(CC2)c3ccccc3)C1)N4CCN(CC4)C5CCC5	66
CHEMBL2021984	O=C(Nc1cccc2ccccc12)NS(=O)(=O)c3ccc(OCCCN4CCCC4)cc3	80
CHEMBL1270060	CC1CC(O)(C#Cc2ccc3ccccc3c2)C(C)CN1C	84
CHEMBL260374	S=C(NC1CCCCC1)N2CCC(CC2)c3cnc[nH]3	120
CHEMBL2441947	Cl.Clc1ccc(CCCCNC(=O)CCCN2CCCCC2)cc1	125.89
CHEMBL490786	CN(CCN1CCCCC1)C(=O)N2CCN(CC2)c3ccc(Cl)cc3	160
CHEMBL2419580	C(Cc1c[nH]c2ccccc12)Nc3ccc(CN4CCCC4)cc3	180
CHEMBL1223010	Fc1ccc(cc1)C(N2CCN(CC#C)CC2)c3nnnn3Cc4ccccc4	184
CHEMBL3677884	Brc1ccc(cc1)C2C[C@H]2C(=O)N3CCN(CC3)C4CCC4	262
CHEMBL1222870	Fc1ccc(cc1)C(N2CCN(CC2)C3CCCCC3)c4nnnn4Cc5ccccc5	285
CHEMBL3677885	CN1CCN(C1=O)c2ccc(cc2)C3C[C@@H]3C(=O)N4CCN(CC4)C5CCC5	441
CHEMBL490612	CN(CCN1CCCCC1)C(=O)N2CCN(CC2)c3ccccc3	506
CHEMBL485604	CC1=Nc2ccccc2C(=O)N1c3ccc(O[C@@H]4CC[C@H](CC4)N5CCCC5)cc3	813
CHEMBL1190	C[N+](C)(C)CCCCCCCCCC[N+](C)(C)C	820
CHEMBL2024401	O=C(Nc1ccccc1)NS(=O)(=O)c2ccc(OCCCN3CCCCC3)cc2	830
CHEMBL3677902	NC(=O)c1ccc(cc1)C2CC2C(=O)N3CCN(CC3)C4CCC4	834
CHEMBL571006	Brc1cc(CCNC(=O)c2nnc[nH]2)ccc1OCCN3CCCC3	970
CHEMBL489589	CN(CCN1CCCCC1)C(=O)N2CCN(CC2)c3ccccc3Cl	1000
CHEMBL2419572	O=C(Cc1c[nH]c2ccccc12)Nc3ccc(CN4CCOCC4)cc3	2190
CHEMBL2021967	Clc1ccc(Cl)c(NC(=O)NS(=O)(=O)c2ccc(OCCCN3CCCCC3)cc2)c1	2570
CHEMBL559963	CN1CCCC(COc2ccc(CCNC(=O)c3cc(Br)cs3)cc2Br)C1	3730
CHEMBL2021976	O=C(Nc1ccccc1)NS(=O)(=O)c2ccc(OCCCCN3CCCCC3)cc2	4850
CHEMBL565833	CCCNCc1ccc(CCN2C=CC(=CC2=O)OCc3ccc(F)cc3)nc1	5000
CHEMBL570296	CCCNCc1ccc(CCN2C=CC(=CC2=O)OCc3ccc(F)cc3)cc1	5000
CHEMBL562297	CN(C)CCOc1ccc(CCNC(=O)c2oc(Br)cc2)cc1Br	5930
CHEMBL3677897	CC(C)N1CCN(CC1)C(=O)C2CC2c3ccccc3	7010
CHEMBL2419565	O=C(CCc1c[nH]c2ccccc12)Oc3ccc(CN4CCCCC4)cc3	10000
CHEMBL2113241	Cc1coc2ccc(cc12)N3C[C@@]4(CN5CCC4CC5)OC3=O	10000
CHEMBL2024399	FC(F)(F)c1ccc(NC(=O)NS(=O)(=O)c2ccc(OCCCN3CCCC3)cc2)cc1	16500
CHEMBL2021975	CC(C)NC(=O)NS(=O)(=O)c1ccc(OCCCCN2CCCCC2)cc1	18500
CHEMBL2024388	FC(F)(F)c1ccc(NC(=O)NS(=O)(=O)c2ccc(OCCN3CCCC3)cc2)cc1	107000
CHEMBL2021980	CCOC(=O)C1CCN(CCCCOc2ccc(cc2)S(=O)(=O)NC(=O)Nc3ccccc3)CC1	100000000
CHEMBL550517	COc1cccc2c1OC(C(C)S2(=O)=O)c3ccc(OCCCN4CCC[C@H](C)C4)cc3	.16
CHEMBL453893	CN1C(=O)c2cccc(Cl)c2N=C1c3ccc(OC4CCN(CC4)C5CCC5)cc3	.18
CHEMBL1222499	Cc1nccn1c2ccc(cc2)C(N3CCCN(CC3)C4CCC4)c5nnnn5Cc6ccccc6	.2
CHEMBL488249	CN1C(=O)c2ccccc2N=C1c3ccc(OC4CCN(CC4)C5CCC5)cc3	.22
CHEMBL561324	COc1ccc2c(OC(C(C)S2(=O)=O)c3ccc(OCCCN4CCCC4)cc3)c1	.32
CHEMBL129542	C(COc1ccc(CN2CCCCC2)cc1)CN3CCCCC3	.53
CHEMBL483400	CC1=Nc2cccc(F)c2C(=O)N1c3ccc(OC4CCN(CC4)C5CCC5)cc3	.55
CHEMBL1222433	C(N1CCOCC1)c2ccc(cc2)C(N3CCCN(CC3)C4CCC4)c5nnnn5Cc6ccccc6	.6
CHEMBL515004	CCCC1=Nc2ccccc2C(=O)N1c3ccc(OCCCN4CCCC4)cc3	.69
CHEMBL3427245	C[C@@H]1CCCN1CCc2ccc(cc2)c3ccc(CCCC(=O)O)cc3	.97
CHEMBL259264	OCCC1CCN(Cc2ccc(OCCCN3CCCCC3)cc2)CC1	.98
CHEMBL2387303	CCN(CC)CCOc1ccc(NC(=O)Nc2c(Cl)cccc2Cl)cc1	1
CHEMBL14690	Clc1ccc(CNC(=N)SCCCc2c[nH]cn2)cc1	1
CHEMBL2387291	CC1CCCN1C2CCN(C2)c3ccc(NC(=O)NCc4cc(Cl)cc(Cl)c4)cc3C	1.1
CHEMBL3677894	Brc1cccc(c1)C2CC2C(=O)N3CCN(CC3)C4CCC4	1.37
CHEMBL2387292	CC1CCCN1C2CCN(C2)c3ccc(NC(=O)Nc4ccc(Oc5ccccc5)cc4)cc3	1.4
CHEMBL479252	CC1=Nc2ccc(F)cc2C(=O)N1c3ccc(OCCCN4CCCC4)cc3	1.6
CHEMBL484611	CC1=Nc2ncccc2C(=O)N1c3ccc(OC4CCN(CC4)C5CCC5)cc3	1.6
CHEMBL477201	COc1ccc2C(=O)N(C(=Nc2c1)C)c3ccc(OCCCN4CCCC4)cc3	2.3
CHEMBL458953	CC1=Nc2cc(Cl)ccc2C(=O)N1c3ccc(OC4CCN(CC4)C5CCC5)cc3	3
CHEMBL515477	CC1CCN(CCCOc2ccc(cc2)N3C(=Nc4ccccc4C3=O)C)C1	5.8
CHEMBL3127677	O=C(C1CC2(CCN(CC2)C3CCOCC3)C1)N4CCN5CCCCC5C4	6.3
CHEMBL2441942	Cl.Clc1ccc(CCCCNC(=N)SCCCN2CCCCC2)cc1	6.31
CHEMBL1172774	CC(C)c1cccc(c1)N2CCC(Cc3c[nH]cn3)CC2	6.6
CHEMBL3677893	Fc1ccc(cc1)C2CC2C(=O)N3CCN(CC3)C4CCC4	7.3
CHEMBL560923	CC1=C(Oc2ccccc2S1)c3ccc(OCCCN4CCCC4)cc3	8.6
CHEMBL478628	CC1CCCCN1CCCOc2ccc(cc2)N3C(=Nc4ccccc4C3=O)C	11
CHEMBL3677900	O=C(C1CC1c2cccc(c2)N3CCCC3=O)N4CCN(CC4)C5CCC5	11.64
CHEMBL507921	COc1ccc2C(=O)O[C@@]3(CC[C@H](CC3)C(=O)N(C)CCN4CCCCC4)c2c1	18
CHEMBL3127694	O=C(N1CCN(CC1)C2CCC2)N3CCC4(CCN(CC4)S(=O)(=O)c5ccccc5)C3	21
CHEMBL1269950	C[C@H]1C[C@](O)(C#Cc2cccc3ccccc23)[C@H](C)CN1C	41
CHEMBL1929406	Nc1nc2ccccc2nc1NCCOc3ccc(CN4CCCCC4)cc3	52.4
CHEMBL504191	CN(CCN1CCCCC1)C(=O)N2CCC3(CC2)NC(=O)c4ccccc34	53
CHEMBL484199	CCCN1CCC(CC1)Oc2ccc(cc2)N3C(=Nc4ccccc4C3=O)C	60
CHEMBL491805	CN(CCN1CCCCC1)C(=O)N2CCC3(CC2)CC(=O)c4ccccc4O3	68
CHEMBL484200	CCCCN1CCC(CC1)Oc2ccc(cc2)N3C(=Nc4ccccc4C3=O)C	91
CHEMBL485234	CC1=Nc2ccccc2C(=O)N1c3ccc(OC4CCN(C4)C5CCC5)cc3	103
CHEMBL505783	CN(CCN1CCCCC1)C(=O)N2CCC(CC2)C(=O)c3ccccc3	237
CHEMBL2024311	NS(=O)(=O)c1ccc(OCCCN2CCCC2)cc1	250
CHEMBL448362	CN(CCN1CCCCC1)C(=O)N2CCC(CC2)(C#N)c3ccccc3	267
CHEMBL2441939	Cl.Clc1ccc(CCNC(=N)SCCCN2CCOCC2)cc1	316.23
CHEMBL3127695	O=C(C1CCN(CC1)C2CCC2)N3CCC4(CCN(CC4)C(=O)c5ccccc5)C3	340
CHEMBL502	COc1cc2CC(CC3CCN(Cc4ccccc4)CC3)C(=O)c2cc1OC	350
CHEMBL554742	Brc1cc(CCNC(=O)c2ccc[nH]2)ccc1OCCN3CCCC3	380
CHEMBL2024382	NS(=O)(=O)c1ccc(OCCCCN2CCCCC2)cc1	390
CHEMBL2021991	Cc1ccc(NC(=O)NS(=O)(=O)c2ccc(OCCCN3CCCCC3)cc2)cc1	400
CHEMBL2024380	NS(=O)(=O)c1ccc(OCCCN2CCOCC2)cc1	400
CHEMBL561355	Brc1c[nH]c(c1)C(=O)NCCc2ccc(OCCN3CCCC3)c(Br)c2	430
CHEMBL1223308	Clc1ccccc1C(N2CCCN(CC2)C3CCC3)c4nnnn4Cc5ccccc5	475
CHEMBL2419583	C(CNc1ccc(CN2CCOCC2)cc1)Cc3c[nH]c4ccccc34	490
CHEMBL2419578	C(Nc1ccc(CN2CCCCC2)cc1)c3c[nH]c4ccccc34	540
CHEMBL523635	CN(CCN1CCCCC1)C(=O)N2CCC3(CC2)OC(=O)Nc4ccccc34	1000
CHEMBL2419569	O=C(Nc1ccc(CN2CCCCC2)cc1)c3c[nH]c4ccccc34	1210
CHEMBL562496	FC1CCN(CCOc2ccc(CCNC(=O)c3cc(Br)cs3)cc2Br)C1	2520
CHEMBL3677890	O=C([C@H]1CC1c2ccc(cc2)C#N)N3CCN(CC3)C4CCC4	2600
CHEMBL1222807	CN(C)CCN(C)C(c1ccc(F)cc1)c2nnnn2Cc3ccccc3	2742
CHEMBL554516	CN1CCCC(COc2ccc(CCNC(=O)c3cc(Br)c[nH]3)cc2Br)C1	2940
CHEMBL2419575	O=C(CCc1c[nH]c2ccccc12)Nc3ccc(CN4CCCC4)cc3	10000
CHEMBL2419566	O=C(CCc1c[nH]c2ccccc12)Oc3ccc(CN4CCCC4)cc3	10000
CHEMBL1222805	Fc1ccc(cc1)C(N2CCCCC2)c3nnnn3Cc4ccccc4	20000
CHEMBL549544	Brc1csc(c1)C(=O)NCCc2ccc(OCCN3CCOCC3)c(Br)c2	30400
CHEMBL2024387	Clc1ccc(Cl)c(NC(=O)NS(=O)(=O)c2ccc(OCCN3CCCC3)cc2)c1	10000000
CHEMBL508712	CN1C(=O)c2cccc(C)c2N=C1c3ccc(OC4CCN(CC4)C5CCC5)cc3	.1
CHEMBL454642	CN1C(=O)c2cccc(F)c2N=C1c3ccc(OC4CCN(CC4)C5CCC5)cc3	.25
CHEMBL454879	COc1ccc2C(=O)N(C)C(=Nc2c1)c3ccc(OC4CCN(CC4)C5CCC5)cc3	.34
CHEMBL1222501	Cc1nc(cs1)c2ccc(cc2)C(N3CCCN(CC3)C4CCC4)c5nnnn5Cc6ccccc6	.4
CHEMBL453892	COc1cccc2C(=O)N(C)C(=Nc12)c3ccc(OC4CCN(CC4)C5CCC5)cc3	.48
CHEMBL2403548	C[C@@H]1CCCN1[C@H]2CCN(C2)c3ccc(NC(=O)c4cc(F)ccc4C)c(C)c3	.66
CHEMBL2387305	Clc1ccc(NC(=O)Nc2ccc(OCCCN3CCCCC3)cc2)cc1	.7
CHEMBL464599	CC1=Nc2c(F)cccc2C(=O)N1c3ccc(OC4CCN(CC4)C5CCC5)cc3	.84
CHEMBL2387311	CC1CCCN1C2CCN(C2)c3ccc(NC(=O)Nc4cc(Cl)cc(Cl)c4)cc3	1.2
CHEMBL477990	COc1cccc2N=C(C)N(C(=O)c12)c3ccc(OCCCN4CCCC4)cc3	1.3
CHEMBL483199	CC1=Nc2ccccc2C(=O)N1c3ccc(OC4CCN(CC4)C5CCC5)cc3	1.5
CHEMBL3427234	CCOC(=O)CCc1ccc(cc1)c2ccc(CCN3CCC[C@H]3C)cc2	1.8
CHEMBL268229	C[C@@H](N)Cc1c[nH]cn1	2.3
CHEMBL3677876	O=C([C@H]1CC1c2ccccc2)N3CCN(CC3)C4CCC4	3.49
CHEMBL3127690	O=C(N1CCCN(CC1)C2CCC2)N3CCC4(CCN(CC4)C(=O)c5ccccc5)C3	3.6
CHEMBL1270166	CC1CN2CCCC2CC1(O)C#Cc3cccc4ccccc34	5
CHEMBL549433	CC[C@@H]1Sc2ccccc2O[C@@H]1c3ccc(OCCCN4CCCC4)cc3	5.9
CHEMBL1222435	C(c1ccccc1)n2nnnc2C(N3CCCN(CC3)C4CCC4)c5ccc(cc5)n6cccc6	6.5
CHEMBL205559	CC(C)CNCCCCc1c[nH]cn1	7.94
CHEMBL2441940	Cl.Clc1ccc(CCNC(=N)SCCCN2CCCCC2)cc1	7.94
CHEMBL3427226	C[C@@H]1CCCN1CCc2ccc(cc2)c3ccc(CC(=O)O)cc3	8.1
CHEMBL214311	Clc1ccc(CNCC[C@H]2C[C@@H]2c3c[nH]cn3)cc1	8.5
CHEMBL478621	CC1=Nc2ccccc2C(=O)N1c3ccc(OCCCN4CCCCCCC4)cc3	10
CHEMBL3677883	Brc1ccc(cc1)C2C[C@@H]2C(=O)N3CCN(CC3)C4CCC4	13.3
CHEMBL1223379	CCOc1ccc(cc1)C(N2CCCN(CC2)C3CCC3)c4nnnn4Cc5ccccc5	14
CHEMBL1270167	CC1CN2CCCC2CC1(O)CCc3cccc4ccccc34	14
CHEMBL3677883	Brc1ccc(cc1)C2C[C@@H]2C(=O)N3CCN(CC3)C4CCC4	16.8
CHEMBL3677898	O=C([C@H]1CC1c2cccc(c2)N3CCCC3=O)N4CCN(CC4)C5CCC5	23.86
CHEMBL3677889	O=C([C@H]1CC1c2ccc(cc2)c3cn[nH]c3)N4CCN(CC4)C5CCC5	33.92
CHEMBL2387298	CCN(CC)CCOc1ccc(NC(=O)Nc2ccc(Cl)cc2Cl)cc1	39.1
CHEMBL206451	CC(C)NCCCCCc1c[nH]cn1	39.81
CHEMBL1223378	FC(F)(F)c1ccc(cc1)C(N2CCCN(CC2)C3CCC3)c4nnnn4Cc5ccccc5	42
CHEMBL3127706	O=C(C1CC12CCN(CC2)C3CCC3)N4CCN(CC4)C5CCOCC5	66
CHEMBL3127671	O=C(C1CC12CCN(CC2)c3ccncc3)N4CCN(CC4)C5CCCCC5	83
CHEMBL3677892	FC(F)(F)c1ccc(cn1)C2C[C@@H]2C(=O)N3CCN(CC3)C4CCC4	88.3
CHEMBL551841	Brc1csc(c1)C(=O)NCCc2ccc(OCCN3CCCC3)c(Br)c2	180
CHEMBL551488	Brc1cc(CCNC(=O)c2cncs2)ccc1OCCN3CCCC3	260
CHEMBL2419582	CCN(CC)Cc1ccc(NCCc2c[nH]c3ccccc23)cc1	290
CHEMBL2021982	CC(=O)c1ccc(NC(=O)NS(=O)(=O)c2ccc(OCCCN3CCCC3)cc2)cc1	400
CHEMBL551693	Brc1cccc(c1)C(=O)NCCc2ccc(OCCN3CCCC3)c(Br)c2	450
CHEMBL492030	CN(CCN1CCCCC1)C(=O)N2CCC3(CC2)Cc4ccccc4C3	530
CHEMBL1270265	CC1CC(O)(C#Cc2cccc3cccnc23)C(C)CN1C	709
CHEMBL1222871	CN1CCCN(CC1)C(c2ccc(F)cc2)c3nnnn3Cc4ccccc4	738
CHEMBL559843	CC1CCCN1CCOc2ccc(CCNC(=O)c3cc(Br)cs3)cc2Br	750
CHEMBL1222728	CN1CCN(CC1)C(c2ccccc2)c3nnnn3Cc4ccccc4	900
CHEMBL490611	CN(CCN1CCCCC1)C(=O)N2CCC(O)(CC2)c3ccccc3	1000
CHEMBL449178	CC1=Nc2ccccc2C(=O)N1c3ccc(OC4CCNCC4)cc3	1000
CHEMBL2419571	O=C(Cc1c[nH]c2ccccc12)Nc3ccc(CN4CCCC4)cc3	1370
CHEMBL2441934	Cl.Clc1ccc(CNC(=N)SCCCN2CCOCC2)cc1	1584.89
CHEMBL562496	FC1CCN(CCOc2ccc(CCNC(=O)c3cc(Br)cs3)cc2Br)C1	2110
CHEMBL551840	CN(C)CCCOc1ccc(CCNC(=O)c2cc(Br)cs2)cc1Br	3610
CHEMBL554108	CN(C)CCCOc1ccc(CCNC(=O)c2oc(Br)cc2)cc1Br	4810
CHEMBL1223011	Fc1ccc(cc1)C(N2CCN(CC3CCCO3)CC2)c4nnnn4Cc5ccccc5	4894
CHEMBL1091874	CN[C@@H]1CCN(C1)c2nc(N)nc3c2oc4ccc(Cl)cc34	5800
CHEMBL2419574	O=C(CCc1c[nH]c2ccccc12)Nc3ccc(CN4CCCCC4)cc3	10000
CHEMBL559448	Brc1oc(cc1)C(=O)NCCc2ccc(OCCN3CCOCC3)c(Br)c2	73200
CHEMBL2024394	CCOC(=O)C1CCN(CCOc2ccc(cc2)S(=O)(=O)NC(=O)Nc3ccccc3)CC1	77900
CHEMBL2024385	O=C(Nc1ccccc1)NS(=O)(=O)c2ccc(OCCN3CCCC3)cc2	88600
CHEMBL2403549	C[C@H]1CCCN1[C@@H]2CCN(C2)c3ccc(NC(=O)c4cc(F)ccc4C)c(C)c3	.0092
CHEMBL560863	COc1cccc2c1OC(C(C)S2(=O)=O)c3ccc(OCCCN4CCC[C@H]4C)cc3	.21
CHEMBL458176	CC1=Nc2cccc(Cl)c2C(=O)N1c3ccc(OC4CCN(CC4)C5CCC5)cc3	.34
CHEMBL2387282	CC1CCCN1C2CCN(C2)c3ccc(NC(=O)N4CCN(CC4)C(=O)C)cc3	.5
CHEMBL562326	CC1C(Oc2ccccc2S1(=O)=O)c3ccc(OCCCN4CCCC4)cc3	.6
CHEMBL2387310	CCN(CC)CCOc1ccc(NC(=S)Nc2ccc(OCC(C)C)cc2)cc1	.6
CHEMBL557718	COc1cccc2c1O[C@@H]([C@@H](C)S2(=O)=O)c3ccc(OCCCN4CCCC4)cc3	.607
CHEMBL2403551	C[C@@H]1CCCN1[C@@H]2CCN(C2)c3ccc(NC(=O)c4cc(F)ccc4C)c(C)c3	.71
CHEMBL129306	OC1CCN(Cc2ccc(OCCCN3CCCCC3)cc2)CC1	.72
CHEMBL14690	Clc1ccc(CNC(=N)SCCCc2c[nH]cn2)cc1	.794
CHEMBL2387318	CC1CCCN1C2CCN(C2)c3ccc(NC(=O)N4CCN(C)CC4)c(C)c3	.8
CHEMBL488251	CC(C)N1C(=O)c2ccccc2N=C1c3ccc(OCCCN4CCCCC4)cc3	.87
CHEMBL3427231	C[C@@H]1CCCN1CCc2ccc(cc2)c3ccc(CCn4ncnn4)cc3	1.2
CHEMBL476723	CCC1=Nc2ccccc2C(=O)N1c3ccc(OCCCN4CCCC4)cc3	1.6
CHEMBL1223157	CS(=O)(=O)c1ccc(cc1)C(N2CCCN(CC2)C3CCC3)c4nnnn4Cc5ccccc5	1.6
CHEMBL3677882	CC(C)N1CCN(CC1)C(=O)[C@H]2CC2c3ccc(F)cc3	1.63
CHEMBL3427240	COC(=O)CC(=O)NC1(CCCC1)c2ccc(cc2)c3ccc(CCN4CCC[C@H]4C)cc3	1.9
CHEMBL484610	CC1=Nc2ccncc2C(=O)N1c3ccc(OC4CCN(CC4)C5CCC5)cc3	2
CHEMBL2387283	CC1CCCN1C2CCN(C2)c3ccc(NC(=O)N4CCN(CC4)C(=O)C)cc3C	2.3
CHEMBL3427244	C[C@@H]1CCCN1CCc2ccc(cc2)c3ccc(NC(=O)CCC(=O)O)cc3	2.5
CHEMBL3677876	O=C([C@H]1CC1c2ccccc2)N3CCN(CC3)C4CCC4	3.41
CHEMBL549908	C[C@H]1[C@H](Oc2ccccc2S1(=O)=O)c3ccc(OCCCN4CCCC4)cc3	3.9
CHEMBL485389	COc1cccc2C(=O)N(C(=Nc12)C)c3ccc(OC4CCN(CC4)C5CCC5)cc3	4.2
CHEMBL3127689	O=C(N1CCCN(CC1)C2CCC2)N3CCC4(CCCN(C4)S(=O)(=O)c5ccccc5)C3	6.5
CHEMBL557853	C[C@@H]1Sc2ccccc2O[C@@H]1c3ccc(OCCCN4CCCC4)cc3	6.7
CHEMBL3677880	O=C([C@H]1CC1c2ccccc2)N3CCCN(CC3)C4CCC4	7.56
CHEMBL3677896	CS(=O)(=O)Nc1cccc(c1)C2CC2C(=O)N3CCN(CC3)C4CCC4	8.59
CHEMBL2387302	CCOc1ccc(C)cc1NC(=O)Nc2ccc(OCCN(CC)CC)cc2	9.1
CHEMBL485242	CC1=Nc2ccccc2C(=O)N1c3ccc(OC4CCCN(CC4)C5CCC5)cc3	10
CHEMBL377954	C(CCNC1CCCCCC1)CCc2c[nH]cn2	10
CHEMBL1222596	C(c1ccccc1)n2nnnc2C(N3CCCN(CC3)C4CCC4)c5ccc(Oc6ncccn6)cc5	12
CHEMBL206346	C(CCNC1CCCCC1)CCc2c[nH]cn2	12.59
CHEMBL2387297	CN(C)CCOc1ccc(NC(=O)Nc2ccc(Cl)cc2)cc1	16.4
CHEMBL3677873	CC(C)N1CCN(CC1)C(=O)[C@H]2CC2c3ccccc3	21.3
CHEMBL2387304	Clc1ccc(NC(=O)Nc2ccc(OCCN3CCCCC3)cc2)cc1	27.5
CHEMBL1223380	FC(F)Oc1ccc(cc1)C(N2CCCN(CC2)C3CCC3)c4nnnn4Cc5ccccc5	28
CHEMBL2441938	Cl.Clc1ccc(CCNC(=N)SCCCN2CCCC2)cc1	31.62
CHEMBL521798	CN(CCN1CCCCC1)C(=O)N2CCC3(CC2)CC(=O)c4ccccc34	43
CHEMBL483367	CC1=Nc2ccccc2C(=O)N1c3ccc(OC4CCN(CC4)C5CCCCC5)cc3	43
CHEMBL2419581	C(Cc1c[nH]c2ccccc12)Nc3ccc(CN4CCOCC4)cc3	49
CHEMBL2387295	CN(C)CCOc1ccc(NC(=O)Nc2cccc(C)c2C)cc1	73.1
CHEMBL3127703	O=C(C1CC12CCN(CC2)C3CCOCC3)N4CCN(CC4)C5CCCCCC5	74
CHEMBL2441935	Cl.Clc1ccc(CNC(=N)SCCCN2CCCCC2)cc1	79.43
CHEMBL1222872	CCN1CCCN(CC1)C(c2ccc(F)cc2)c3nnnn3Cc4ccccc4	94
CHEMBL1222663	Cn1ccc2cc(ccc12)C(N3CCCN(CC3)C4CCC4)c5nnnn5Cc6ccccc6	98
CHEMBL489590	CN(CCN1CCCCC1)C(=O)N2CCN(CC2)c3cccc(Cl)c3	297
CHEMBL563684	Cn1cccc1C(=O)NCCc2ccc(OCCN3CCCC3)c(Br)c2	310
CHEMBL2021983	Cc1ccc(NC(=O)NS(=O)(=O)c2ccc(OCCCN3CCCC3)cc2)cc1	320
CHEMBL3127707	O=C(C1CC12CCNCC2)N3CCN(CC3)C4CCCCC4	360
CHEMBL561228	Brc1oc(cc1)C(=O)NCCc2ccc(OCCN3CCCC3)c(Br)c2	390
CHEMBL1223516	C(c1ccccc1)n2nnnc2C(N3CCCN(CC3)C4CCC4)c5ccc(cc5)N6CCOCC6	551
CHEMBL3127680	CC(C)N1CCN(CC1)C(=O)N2CC3(CCN(CC3)C4CCOCC4)C2	900
CHEMBL3677882	CC(C)N1CCN(CC1)C(=O)[C@H]2CC2c3ccc(F)cc3	1630
CHEMBL1223081	Fc1ccc(cc1)C(N2CCC(CC2)N3CCCC3)c4nnnn4Cc5ccccc5	2431
CHEMBL1223082	CN(C)C1CCCN(C1)C(c2ccc(F)cc2)c3nnnn3Cc4ccccc4	2470
CHEMBL561234	CN(C)CCCOc1ccc(CCNC(=O)c2ccc[nH]2)cc1Br	2920
CHEMBL2419573	CCN(CC)Cc1ccc(NC(=O)Cc2c[nH]c3ccccc23)cc1	3500
CHEMBL2024397	O=C(NC1CCCCC1)NS(=O)(=O)c2ccc(OCCCN3CCCC3)cc2	6060
CHEMBL2024308	NS(=O)(=O)c1ccc(OCCN2CCCC2)cc1	7060
CHEMBL2419567	O=C(CCc1c[nH]c2ccccc12)Oc3ccc(CN4CCOCC4)cc3	10000
CHEMBL2021981	FC(F)(F)c1cccc(NC(=O)NS(=O)(=O)c2ccc(OCCCN3CCCC3)cc2)c1	11800
CHEMBL1223156	CN1CCC(CC1)N2CCN(CC2)C(c3ccc(F)cc3)c4nnnn4Cc5ccccc5	14215
CHEMBL2021973	Clc1ccc(Cl)c(NC(=O)NS(=O)(=O)c2ccc(OCCCCN3CCCC3)cc2)c1	17500
CHEMBL2021970	CC(C)NC(=O)NS(=O)(=O)c1ccc(OCCCCN2CCCC2)cc1	19600
CHEMBL561029	Cn1cccc1C(=O)NCCc2ccc(OCCN3CCOCC3)c(Br)c2	39600
CHEMBL2024383	CCOC(=O)C1CCN(CCCCOc2ccc(cc2)S(=O)(=O)N)CC1	10000000
CHEMBL2024386	O=C(NC1CCCCC1)NS(=O)(=O)c2ccc(OCCN3CCCC3)cc2	10000000
