CMPD_CHEMBLID;CANONICAL_SMILES;STANDARD_VALUE
CHEMBL6;COc1ccc2c(c1)c(CC(=O)O)c(C)n2C(=O)c3ccc(Cl)cc3;2.9
CHEMBL60738;CC(C)(C)c1cc(\C=C\2/CCN(O)S2(=O)=O)cc(c1O)C(C)(C)C;10
CHEMBL368682;COc1ccc(cc1)n2nc(cc2c3ccc(C)cc3)C#CC(C)N(O)C(=O)C(C)C;40
CHEMBL12594;CON1CC\C(=C/c2cc(c(O)c(c2)C(C)(C)C)C(C)(C)C)\C1=O;40
CHEMBL33958;Clc1cc2CC(=O)Oc2cc1C3CCCCC3;50
CHEMBL292324;O=C(Nc1nccs1)C2C(=O)N3c4ccccc4Sc5cccc2c35;70
CHEMBL34264;Clc1cc2CC(=O)Oc2cc1c3ccccc3;80
CHEMBL60793;CON(C)C(=O)N1CC\C(=C/c2cc(c(O)c(c2)C(C)(C)C)C(C)(C)C)\S1(=O)=O;100
CHEMBL417073;CC(C)(C)c1cc(cc(c1O)C(C)(C)C)c2nnc(N)s2;130
CHEMBL264200;COc1ccc(cc1)n2nc(cc2c3ccc(C)cc3)C#CC(C)N(O)C(=O)C(F)(F)F;190
CHEMBL174501;COC(=O)N(O)C(C)C#Cc1cc(c2ccc(Cl)cc2)n(n1)c3ccc(OC)cc3;290
CHEMBL293689;CC(C)N1CC\C(=C/c2cc(c(O)c(c2)C(C)(C)C)C(C)(C)C)\S1(=O)=O;320
CHEMBL367010;CCc1ccc(cc1)c2cc(nn2c3ccc(OC)cc3)C#CC(C)N(O)C(=O)C;340
CHEMBL16828;COc1c(cc(cc1C(C)(C)C)c2nnc(S)s2)C(C)(C)C;350
CHEMBL49008;CC(C)(C)c1cc(\C=C\2/SC(=O)NC2=O)cc(c1O)C(C)(C)C;350
CHEMBL276850;N1c2ccccc2Oc3ccccc13;350
CHEMBL109745;CC(C)(C)c1cc(\C=C\2/SC(=NC2=O)N)cc(c1O)C(C)(C)C.CS(=O)(=O)O;390
CHEMBL333579;Cc1noc(n1)c2cc(c(O)c(c2)C(C)(C)C)C(C)(C)C;460
CHEMBL61952;Fc1ccc(NC(=O)C2C(=O)N3c4ccccc4Oc5cccc2c35)cc1;500
CHEMBL6;COc1ccc2c(c1)c(CC(=O)O)c(C)n2C(=O)c3ccc(Cl)cc3;500
CHEMBL148922;COc1cc(\C=C\c2cc(C)sn2)cc(c1O)C(C)(C)C;900
CHEMBL304690;O=C(Nc1nc2ccccc2s1)C3C(=O)N4c5ccccc5CCc6cccc3c46;1000
CHEMBL304205;C1c2ccccc2Nc3ccccc13;1900
CHEMBL521;CC(C)Cc1ccc(cc1)C(C)C(=O)O;2000
CHEMBL296543;COc1ccc2c(c1)c(C(C)N(O)C(=O)C)c(C)n2C(=O)c3ccc(Cl)cc3;2400
CHEMBL62617;FC(F)(F)c1nnc(NC(=O)C2C(=O)N3c4ccccc4Sc5cccc2c35)s1;2400
CHEMBL174616;COc1ccc(cc1)n2nc(cc2c3ccc(C)cc3)C#CC(C)N(O)C(=O)c4occc4;2900
CHEMBL3144587;Clc1ccc(CN2Nc3ccccc3C2=O)cn1;3000
CHEMBL17344;FC(F)(F)S(=O)(=O)Nc1cccc(OCc2ccc3ccccc3n2)c1;3300
CHEMBL329781;CC(C)(C)c1cc(Sc2nnc(S)s2)cc(c1O)C(C)(C)C;3600
CHEMBL366595;COc1ccc(cc1)n2nc(cc2c3ccc(C)cc3)C#CC(C(C)C)N(O)C(=O)N;4600
CHEMBL111438;C\C(=C/1\SC(=NC1=O)NC#N)\c2cc(c(O)c(c2)C(C)(C)C)C(C)(C)C;5100
CHEMBL94851;CC(C)(C)c1cc(\C=C\c2nnc(S)s2)cc(c1O)C(C)(C)C;5200
CHEMBL84074;Oc1ccccc1OCc2ccc3ccccc3n2;5820
CHEMBL14433;CN1CN(C)c2nc3N(Cc4ccccc4)C(=C(CC=C(C)C)C(=O)n3c2C1=O)O;6000
CHEMBL274642;NC1=NN(CC1)c2cccc(c2)C(F)(F)F;6000
CHEMBL46871;COc1ccc2c(c1)c(CN(O)C(=O)C)c(C)n2C(=O)c3ccc(Cl)cc3;15000
CHEMBL91981;CCOC(=O)C(Sc1ccccc1)C(=O)c2ccccc2;15000
CHEMBL93310;CCO\C(=C(/Sc1ccccc1)\C=CC(=O)c2ccccc2)\O;22000
CHEMBL12154;CC(C)(C)c1cc(cc(c1O)C(C)(C)C)c2n[nH]c(N)n2;30000
CHEMBL298776;Cn1c(S)nnc1c2ccccc2Nc3cccc(c3)C(F)(F)F;30000
CHEMBL3144576;Cc1ccncc1CN2Nc3ccccc3C2=O;30000
CHEMBL149448;CC(C)(C)c1cc(\C=C\c2onc(c2)C(F)(F)F)cc(c1O)C(C)(C)C;30000
CHEMBL273956;CC(C)(C)c1cc(cc(c1O)C(C)(C)C)c2nnc(S)n2N;32000
CHEMBL3144584;Brc1cncc(CN2Nc3ccccc3C2=O)c1;39000
CHEMBL3144581;C[C@H](N1Nc2ccccc2C1=O)c3cccc4ccccc34;48000
CHEMBL55844;ON(CCCCC(=O)O)C(=O)Cc1ccc(OCc2ccccc2)cc1;50000
CHEMBL93599;CCO\C(=C(/Sc1ccccc1)\C=CC(=O)C(=O)OCC)\O;50000
CHEMBL407916;CCO\C(=C\C=CC(=O)C(=O)OCC)\O;50000
CHEMBL3144580;O=C1N(Cc2ccccn2)Nc3ccccc13;67000
CHEMBL3144722;Cc1cncc(CN2Nc3ccccc3C2=O)c1;81000
CHEMBL8425;CC1=NN(CCOc2ccc3ccccc3c2)C(=O)C1;100000
CHEMBL3144715;O=C1N(Cc2cncs2)Nc3ccccc13;100000
CHEMBL75083;CCOC(=O)Cc1cccc(C(=O)c2ccc(Cl)cc2)c1NC(=O)C(F)(F)F;1000000
CHEMBL341001;CCOC(=O)c1nc(ns1)c2cc(c(O)c(c2)C(C)(C)C)C(C)(C)C;
CHEMBL111563;CC(C)(C)c1cc(\C=C\2/SC(=NC2=O)NCCCC(=O)O)cc(c1O)C(C)(C)C;
CHEMBL64813;CC(C)(C)c1cc(\C=C\2/CCCNS2(=O)=O)cc(c1O)C(C)(C)C;6.2
CHEMBL295739;CC(C)(C)c1cc(\C=C\2/SC(=S)NC2=O)cc(c1O)C(C)(C)C;12
CHEMBL62990;CCCN1CC\C(=C\c2cc(c(O)c(c2)C(C)(C)C)C(C)(C)C)\S1(=O)=O;12
CHEMBL61422;O=C(Nc1nccs1)C2C(=O)N3c4ccccc4Oc5cccc2c35;20
CHEMBL154;COc1ccc2cc(ccc2c1)[C@H](C)C(=O)O;60
CHEMBL173133;CCC(=O)N(O)CC#Cc1cc(c2ccc(C)cc2)n(n1)c3ccc(OC)cc3;60
CHEMBL16434;CC(C)(C)c1cc(\C=C\2/SC(=NC2=O)N=C(N)N)cc(c1O)C(C)(C)C;83
CHEMBL509;Cc1ccc(Cl)c(Nc2ccccc2C(=O)O)c1Cl;100
CHEMBL876;[Na+].Cc1ccc(Cl)c(Nc2ccccc2C(=O)[O-])c1Cl;100
CHEMBL34410;CC1C(=O)Oc2cc(C3CCCCC3)c(C)cc12;100
CHEMBL331523;CC(C)(C)c1cc(cc(c1O)C(C)(C)C)C2CCOC2=O;150
CHEMBL6;COc1ccc2c(c1)c(CC(=O)O)c(C)n2C(=O)c3ccc(Cl)cc3;200
CHEMBL433287;CONC(=O)c1ccccc1Nc2c(Cl)ccc(C)c2Cl;550
CHEMBL50833;Cc1cccc(Nc2ccccc2c3oc(S)nn3)c1C;610
CHEMBL64763;Fc1ccc2N3C(=O)C(C(=O)Nc4nccs4)c5cc(F)cc(Cc2c1)c35;700
CHEMBL62874;CC(C)(C)c1cc(\C=C/2\CCN(O)S2(=O)=O)cc(c1O)C(C)(C)C;700
CHEMBL54156;Cc1ccc(Cl)c(Nc2ccccc2c3oc(S)nn3)c1Cl;700
CHEMBL122193;CC(C)(C)c1cc(cc(c1O)C(C)(C)C)C2=NNC(=S)S2.C[N+](C)(C)CCO;800
CHEMBL277721;CC(C)(C)c1cc(\C=C\2/SC(=NC2=O)NO)cc(c1O)C(C)(C)C;800
CHEMBL65050;Cc1ccc(Cl)c(Nc2ccccc2C(=O)NO)c1Cl;1100
CHEMBL326108;CC(C)(C)c1cc(\C=C\2/OC(=NC2=O)NC#N)cc(c1O)C(C)(C)C;1100
CHEMBL366595;COc1ccc(cc1)n2nc(cc2c3ccc(C)cc3)C#CC(C(C)C)N(O)C(=O)N;1200
CHEMBL53532;Cc1ccc(Cl)c(Nc2ccccc2c3nnc(NC#N)s3)c1Cl;1900
CHEMBL436352;Cc1nc(NC(=O)C2C(=O)N3c4ccccc4CCc5cccc2c35)sc1C;2000
CHEMBL12219;CC(C)(C)c1cc(cc(c1O)C(C)(C)C)c2oc(N)nn2;2400
CHEMBL1719803;O=C1N(Nc2ccccc12)c3ccccc3;2700
CHEMBL304698;Cc1cc(NC(=O)C2C(=O)N3c4ccc(F)cc4Cc5cccc2c35)sn1;2800
CHEMBL303365;CC(C)(C)c1cc(\C=C\2/CCN(CC(=O)O)S2(=O)=O)cc(c1O)C(C)(C)C;3400
CHEMBL13013;CN1C(=O)N(C)c2nc3N(Cc4ccc(F)cc4)C(=C(CC=C(C)C)C(=O)n3c2C1=O)O;4200
CHEMBL65431;CONC(=O)C(C)c1ccc(CC(C)C)cc1;5800
CHEMBL284706;COC(=O)CCC(=O)N(O)c1cccc(COc2ccc3ccccc3c2)c1;6100
CHEMBL275909;CC(C)(C)c1cc(\C=C\c2n[nH]c(S)n2)cc(c1O)C(C)(C)C;6700
CHEMBL273941;CC(C)(C)c1cc(\C=C\c2oc(S)nn2)cc(c1O)C(C)(C)C;9400
CHEMBL175372;COc1ccc(cc1)n2nc(cc2c3ccc(C)cc3)C#CC(C)N(O)C(=O)c4cccnc4;11500
CHEMBL313860;CCO\C(=C(/Sc1ccccc1)\C=CC(=O)C(=O)c2ccccc2)\O;12000
CHEMBL7660;O=C1CCN(N1)c2ccccc2;13000
CHEMBL7660;O=C1CCN(N1)c2ccccc2;13000
CHEMBL150804;CC(C)c1cc(\C=C\c2cc(C)[nH]n2)cc(C(C)C)c1O;14000
CHEMBL293910;Fc1ccc(NC(=O)C2C(=O)N3CCSc4cccc2c34)c(F)c1;27000
CHEMBL55133;CCCN(O)C(=O)Cc1ccc(OCc2ccccc2)cc1;30000
CHEMBL150717;COc1cc(\C=C\c2cc([nH]n2)C(=O)O)ccc1O;30000
CHEMBL12572;CC(C)(C)c1cc(\C=C\c2n[nH]c(O)n2)cc(c1O)C(C)(C)C;32000
CHEMBL293296;ON(CCc1ccccc1)C(=O)c2ccc(OCc3ccccc3)cc2;75000
CHEMBL44149;Cc1c(Cn2ccnc2)oc3ccc(cc13)C(=O)O;200000
CHEMBL47164;Cc1c(Cn2ccnc2)sc3cc(ccc13)C(=O)O;200000
CHEMBL46571;Cc1c(Cn2ccnc2)n(C)c3ccc(cc13)C(=O)O;200000
CHEMBL75581;Nc1c(CCO)cccc1C(=O)c2ccc(Cl)cc2;1000000
CHEMBL335057;OC(=O)CCC(=O)Nc1cccc(OCc2nc3ccccc3s2)c1;
CHEMBL339914;COC(=O)C1CN(C(=O)C1)c2cccc(OCc3nc4ccccc4n3C)c2;
CHEMBL276608;COc1ccc(CN2C(=C(CC=C(C)C)C(=O)n3c2nc4N(C)C(=O)N(C)C(=O)c34)O)cc1;
CHEMBL337252;COC(=O)CC(=O)Nc1cccc(OCc2nc3ccccc3n2C)c1;
CHEMBL341255;COC(=O)CC(=O)Nc1cccc(OCc2nc3ccccc3s2)c1;
CHEMBL130819;COC(=O)CCC(=O)Nc1cccc(OCc2nc3ccccc3s2)c1;
CHEMBL65299;C[S+]([O-])c1ccc(\C=C/2\C(=C(CC(=O)NO)c3cc(F)ccc23)C)cc1;
CHEMBL60725;CN1CC\C(=C/c2cc(c(O)c(c2)C(C)(C)C)C(C)(C)C)\S1(=O)=O;9.1
CHEMBL175153;COc1ccc(cc1)n2nc(cc2c3ccc(C)cc3)C#CC(C)N(O)C(=O)C;10
CHEMBL62920;CCCN1CC\C(=C/c2cc(c(O)c(c2)C(C)(C)C)C(C)(C)C)\S1(=O)=O;13
CHEMBL33957;Brc1cc2CC(=O)Oc2cc1C3CCCCC3;30
CHEMBL12594;CON1CC\C(=C/c2cc(c(O)c(c2)C(C)(C)C)C(C)(C)C)\C1=O;40
CHEMBL1908355;NC(=O)N1C(=O)\C(=C(/O)\c2cccs2)\c3cc(Cl)ccc13;53
CHEMBL34579;CC1C(=O)Oc2cc(c(Cl)cc12)c3ccccc3;80
CHEMBL509;Cc1ccc(Cl)c(Nc2ccccc2C(=O)O)c1Cl;100
CHEMBL6;COc1ccc2c(c1)c(CC(=O)O)c(C)n2C(=O)c3ccc(Cl)cc3;100
CHEMBL8562;CC(C)(C)c1cc(\C=C\2/CCOC2=O)cc(c1O)C(C)(C)C;150
CHEMBL8562;CC(C)(C)c1cc(\C=C\2/CCOC2=O)cc(c1O)C(C)(C)C;150
CHEMBL8562;CC(C)(C)c1cc(\C=C\2/CCOC2=O)cc(c1O)C(C)(C)C;150
CHEMBL435907;COc1ccc(cc1)n2nc(cc2c3ccc(Cl)cc3)C#CC(C)N(O)C(=O)C;160
CHEMBL293617;Fc1ccc(NC(=O)C2C(=O)N3c4ccccc4Oc5cccc2c35)c(F)c1;200
CHEMBL62772;Clc1ccc(NC(=O)C2C(=O)N3c4ccccc4CCc5cccc2c35)cc1;200
CHEMBL12532;CSc1nnc(s1)c2cc(c(O)c(c2)C(C)(C)C)C(C)(C)C;410
CHEMBL60136;O=C(Nc1ccccc1)C2C(=O)N3c4ccccc4Sc5cccc2c35;700
CHEMBL16659;CC(C)(C)c1cc(cc(c1O)C(C)(C)C)c2nnc(S)s2;800
CHEMBL299794;FC(F)(F)c1cccc(Nc2ccccc2C3=NNC(=S)S3)c1;850
CHEMBL368148;COc1ccc(cc1)n2nc(cc2c3ccc(C)cc3)C#CCN(O)C(=O)c4ccccc4;930
CHEMBL301990;FC(F)(F)c1cccc(Nc2ccccc2c3oc(NC#N)nn3)c1;1000
CHEMBL12594;CON1CC\C(=C/c2cc(c(O)c(c2)C(C)(C)C)C(C)(C)C)\C1=O;1000
CHEMBL295829;COc1ccc2c(c1)c(CC(=O)NO)c(C)n2C(=O)c3ccc(Cl)cc3;1100
CHEMBL150170;Cc1cc(on1)\C=C\c2cc(C)c(O)c(C)c2;1200
CHEMBL173939;COc1ccc(cc1)n2nc(cc2c3ccc(C)cc3)C#CC(C)N(O)C(=O)N;1400
CHEMBL417022;Cc1ccc(Cl)c(Nc2ccccc2c3nnc(S)s3)c1Cl;1750
CHEMBL6;COc1ccc2c(c1)c(CC(=O)O)c(C)n2C(=O)c3ccc(Cl)cc3;1800
CHEMBL316040;COc1ccc(cc1)n2nc(CCC(=O)N(C)O)cc2c3ccc(Cl)cc3;2850
CHEMBL35178;Brc1c2OC(=O)Cc2ccc1C3CCCCC3;3000
CHEMBL61065;Cc1cnc(NC(=O)C2C(=O)N3c4ccccc4CCc5cccc2c35)s1;3600
CHEMBL542464;Cl.C\N=C(/N)\Nc1nc(ns1)c2cc(c(O)c(c2)C(C)(C)C)C(C)(C)C;4400
CHEMBL94851;CC(C)(C)c1cc(\C=C\c2nnc(S)s2)cc(c1O)C(C)(C)C;5200
CHEMBL12234;CC(C)(C)c1cc(cc(c1O)C(C)(C)C)c2n[nH]c(O)n2;5500
CHEMBL17344;FC(F)(F)S(=O)(=O)Nc1cccc(OCc2ccc3ccccc3n2)c1;9100
CHEMBL286450;O=C1Cc2ccc(cc2O1)C3CCCC3;10000
CHEMBL151433;CC(C)c1cc(\C=C\c2onc(C)c2)cc(C(C)C)c1O;10000
CHEMBL176668;COc1ccc(cc1)n2nc(cc2c3ccc(Cl)cc3)C#CC(C(C)C)N(O)C(=O)N;14500
CHEMBL304663;Fc1ccc(NC(=O)C2C(=O)N3CCCc4cc(F)cc2c34)c(F)c1;15000
CHEMBL65535;CN(O)C(=O)c1ccccc1Nc2c(Cl)ccc(C)c2Cl;15000
CHEMBL149945;Cc1cc(on1)\C=C\c2cc(Br)c(O)c(Br)c2;16000
CHEMBL42593;COc1ccc2c(c1)c(CN(O)C(=O)N)c(C)n2C(=O)c3ccc(Cl)cc3;20000
CHEMBL162358;CCCc1c(O)c(ccc1OCCCCc2nnn[nH]2)C(=O)C;44000
CHEMBL413482;CCOC(=O)C1=CC=C(Sc2ccccc2)C(=O)O1;50000
CHEMBL316996;CCO\C(=C(/SCC)\C=CC(=O)C(=O)OCC)\O;50000
CHEMBL92758;CCO\C(=C(/Sc1ccccc1)\C=CC=O)\O;50000
CHEMBL3144720;Cc1ncccc1CN2Nc3ccccc3C2=O;58000
CHEMBL74825;CCOC(=O)Cc1cccc(C(=O)c2ccc(Cl)cc2)c1N;73000
CHEMBL64342;Cc1cc(NC(=O)C2C(=O)N3CCCc4cc(F)cc2c34)sn1;100000
CHEMBL64051;Cc1cccc(NC(=O)C2C(=O)N3c4ccccc4Cc5cccc2c35)n1;100000
CHEMBL307591;Nc1c(CCO)cccc1C(=O)c2ccccc2;100000
CHEMBL267473;OC(=O)c1ccc(OCCn2ccnc2)cc1;100000
CHEMBL165090;Cc1nc(oc1COC(C)(C)C(=O)O)c2ccc(Cl)cc2;300000
CHEMBL78263;Nc1c(CCO)cccc1C(O)c2ccccc2;500000
CHEMBL306178;NC(=O)Cc1cccc(C(=O)c2ccc(Cl)cc2)c1N;1000000
CHEMBL288778;COC(=O)CCC(=O)Nc1cccc(OCc2ccc3ccccc3n2)c1;
CHEMBL109857;CN(C)CCNC1=NC(=O)\C(=C\c2cc(c(O)c(c2)C(C)(C)C)C(C)(C)C)\S1;
CHEMBL131070;COC(=O)C1CN(C(=O)C1)c2cccc(OCc3ccc4ccccc4n3)c2;
CHEMBL122393;CC(C)(C)c1cc(cc(c1O)C(C)(C)C)c2onc(CN3CCCC3)n2;
CHEMBL324626;CN(C)C1=NC(=O)\C(=C\c2cc(c(O)c(c2)C(C)(C)C)C(C)(C)C)\S1;
CHEMBL122776;CC(=O)Nc1noc(n1)c2cc(c(O)c(c2)C(C)(C)C)C(C)(C)C;
CHEMBL269685;CN1C(=O)N(C)c2nc3N(Cc4ccccc4)C(=C(CC=C)C(=O)n3c2C1=O)O;
CHEMBL162358;CCCc1c(O)c(ccc1OCCCCc2nnn[nH]2)C(=O)C;
CHEMBL87706;Oc1ccc(\C=C\2/SC(=O)NC2=O)cc1;
CHEMBL268717;CCCC1=C(O)N(Cc2ccccc2)c3nc4N(C)C(=O)N(C)C(=O)c4n3C1=O;
CHEMBL123101;CC(C)(C)c1cc(cc(c1O)C(C)(C)C)c2onc(NC=O)n2;
CHEMBL131110;COC(=O)C1CN(C(=O)C1)c2cccc(OCc3nc4ccccc4s3)c2;
CHEMBL268515;CN1C(=O)N(C)c2nc3N(Cc4ccc(F)cc4)C(=C(CC#C)C(=O)n3c2C1=O)O;
CHEMBL304489;CC(C)(C)c1cc(\C=C/2\CCN(c3ccc(Cl)cc3)S2(=O)=O)cc(c1O)C(C)(C)C;1
CHEMBL65330;CC(C)(C)c1cc(\C=C\2/CCN(C(=O)NO)S2(=O)=O)cc(c1O)C(C)(C)C;24
CHEMBL264200;COc1ccc(cc1)n2nc(cc2c3ccc(C)cc3)C#CC(C)N(O)C(=O)C(F)(F)F;50
CHEMBL35511;CC1C(=O)Oc2cc(C3CCCCC3)c(Cl)cc12;70
CHEMBL545288;Cl.CC(C)(C)c1cc(cc(c1O)C(C)(C)C)c2nsc(CN)n2;87
CHEMBL34649;Cc1cc2CC(=O)Oc2cc1C3CCCCC3;100
CHEMBL62101;Fc1ccc(NC(=O)C2C(=O)N3c4ccccc4Sc5cccc2c35)c(F)c1;200
CHEMBL177727;CCC(C#Cc1cc(c2ccc(C)cc2)n(n1)c3ccc(OC)cc3)N(O)C(=O)C;220
CHEMBL53610;Cc1ccc(Cl)c(Nc2ccccc2c3oc(NC#N)nn3)c1Cl;250
CHEMBL174976;COC(=O)N(O)CC#Cc1cc(c2ccc(C)cc2)n(n1)c3ccc(OC)cc3;280
CHEMBL331069;Cc1onc(n1)c2cc(c(O)c(c2)C(C)(C)C)C(C)(C)C;300
CHEMBL149278;Cc1onc(\C=C\c2cc(c(O)c(c2)C(C)(C)C)C(C)(C)C)c1;300
CHEMBL64759;CC(C)(C)c1cc(\C=C\2/CCN(c3cccnc3)S2(=O)=O)cc(c1O)C(C)(C)C;320
CHEMBL113138;CC(C)(C)c1cc(\C=C\2/OC(=NC2=O)N=C(N)N)cc(c1O)C(C)(C)C.CS(=O)(=O)O;340
CHEMBL75896;[Na+].Nc1c(CC(=O)[O-])cccc1C(=O)C2CCCCC2;400
CHEMBL174684;COC(=O)N(O)C(C)C#Cc1cc(c2ccc(C)cc2)n(n1)c3ccc(OC)cc3;490
CHEMBL50833;Cc1cccc(Nc2ccccc2c3oc(S)nn3)c1C;610
CHEMBL418665;Cc1onc(NC(=O)C2C(=O)N3c4ccccc4Oc5cccc2c35)c1;700
CHEMBL49249;CN1C(=S)NC(=O)/C/1=C/c2cc(c(O)c(c2)C(C)(C)C)C(C)(C)C;790
CHEMBL410500;COc1ccc2c(c1)c(C(C)N(O)C(=O)N)c(C)n2C(=O)c3ccc(Cl)cc3;890
CHEMBL35129;Clc1cc2CC(=O)Oc2c(Cl)c1C3CCCCC3;1000
CHEMBL295829;COc1ccc2c(c1)c(CC(=O)NO)c(C)n2C(=O)c3ccc(Cl)cc3;1100
CHEMBL123459;CC(C)(C)c1cc(cc(c1O)C(C)(C)C)c2onc(N)n2;1900
CHEMBL13184;CN1C(=O)N(C)c2nc3N(Cc4ccccc4)C(=C(CC=C(C)C)C(=O)n3c2C1=O)O;2000
CHEMBL18132;OC(=O)c1ccccc1Nc2cccc(OCc3ccc4ccccc4n3)c2;2000
CHEMBL64738;Fc1ccc2N3C(=O)C(C(=O)Nc4ccccn4)c5cc(F)cc(Cc2c1)c35;2200
CHEMBL113211;CC(C)(C)c1cc(\C=C\2/CC(=S)NC2=O)cc(c1O)C(C)(C)C;2400
CHEMBL64403;FC(F)(F)c1nnc(NC(=O)C2C(=O)N3c4ccccc4Cc5cccc2c35)s1;2400
CHEMBL64399;O=C(Nc1ccccc1)C2C(=O)N3c4ccccc4Cc5cccc2c35;2900
CHEMBL33959;CC(C)Cc1ccc2CC(=O)Oc2c1;3000
CHEMBL304647;Fc1ccc2N3C(=O)C(C(=O)Nc4nc(ns4)c5ccccc5)c6cccc(Cc2c1)c36;3300
CHEMBL276916;CC(C)(C)c1cc(cc(c1O)C(C)(C)C)c2oc(S)nn2;3700
CHEMBL113908;C\C(=C/1\SC(=S)NC1=O)\c2cc(c(O)c(c2)C(C)(C)C)C(C)(C)C;4500
CHEMBL64422;O=C(Nc1ccccc1)C2C(=O)N3c4ccccc4CCc5cccc2c35;5100
CHEMBL93712;CC(C)(C)c1cc(Sc2nnc(NC#N)s2)cc(c1O)C(C)(C)C;6000
CHEMBL59748;Cc1onc(NC(=O)C2C(=O)N3c4ccc(F)cc4Cc5cccc2c35)c1;7200
CHEMBL123210;CCO\C=N\c1noc(n1)c2cc(c(O)c(c2)C(C)(C)C)C(C)(C)C;7200
CHEMBL176200;CCOC(=O)CCC(=O)N(O)C(C)C#Cc1cc(c2ccc(C)cc2)n(n1)c3ccc(OC)cc3;10000
CHEMBL54453;CN(O)C(=O)Cc1ccc(OCc2ccccc2)cc1;10000
CHEMBL3144582;Clc1ncccc1CN2Nc3ccccc3C2=O;12000
CHEMBL62291;COc1cc2CCCN3C(=O)C(C(=O)Nc4nc5ccccc5s4)c(c1)c23;13000
CHEMBL302414;Fc1ccc2N3C(=O)C(C(=O)Nc4nncs4)c5cccc(Cc2c1)c35;14000
CHEMBL1984519;O=C1N(Cc2ccccc2)Nc3ccccc13;18000
CHEMBL65430;CC(C)Cc1ccc(cc1)C(C)C(=O)N(C)O;20000
CHEMBL303303;Fc1cc2CCCN3C(=O)C(C(=O)Nc4nc5ccccc5s4)c(c1)c23;30000
CHEMBL50;OC1=C(Oc2cc(O)cc(O)c2C1=O)c3ccc(O)c(O)c3;50000
CHEMBL91982;OC(=O)C(=CC=Cc1ccccc1)O;50000
CHEMBL50;OC1=C(Oc2cc(O)cc(O)c2C1=O)c3ccc(O)c(O)c3;50000
CHEMBL34578;Oc1cc2CC(=O)Oc2cc1c3ccccc3;50000
CHEMBL328432;CCOC(=O)C(=CC=C(N(C)C)C(=O)OCC)Sc1ccccc1;50000
CHEMBL262539;CCC(C#Cc1cc(c2ccc(Cl)cc2)n(n1)c3ccc(OC)cc3)N(O)C(=O)N;70400
CHEMBL1021;NC(=O)Cc1cccc(C(=O)c2ccccc2)c1N;100000
CHEMBL284584;O=C1Cc2ccccc2O1;100000
CHEMBL557333;OC(=O)c1ccc2oc(Cn3ccnc3)c(Cl)c2c1;200000
CHEMBL77275;Nc1c(CCO)cccc1C(O)c2ccc(Cl)cc2;1000000
CHEMBL75445;Nc1c(cccc1C(=O)c2ccccc2)C(=O)CCC(=O)O;1000000
CHEMBL451236;OC(=O)Cc1cccc(C(=O)c2ccccc2)c1[N+](=O)[O-];1000000
CHEMBL8747;CCCCCC(O)c1cccc(OCc2ccc3ccccc3n2)c1;
CHEMBL79453;CONC(=O)Cc1cccc(OCc2ccc3ccccc3n2)c1;
CHEMBL13509;C\C=C\CC1=C(O)N(Cc2ccccc2)c3nc4N(C)C(=O)N(C)C(=O)c4n3C1=O;
CHEMBL13472;CCCC1=C(O)N(Cc2ccc(F)cc2)c3nc4N(C)C(=O)N(C)C(=O)c4n3C1=O;
CHEMBL127558;O=C1CCC(=O)N1c2cccc(OCc3ccc4ccccc4n3)c2;
CHEMBL538276;Cl.CC(=N)Nc1nc(ns1)c2cc(c(O)c(c2)C(C)(C)C)C(C)(C)C;
CHEMBL13240;CN1C(=O)N(C)c2nc3N(Cc4ccccc4)C(=C(CC=C5CCCCC5)C(=O)n3c2C1=O)O;
CHEMBL131423;COC(=O)CCC(=O)Nc1cccc(OCc2oc3ccccc3c2)c1;
CHEMBL65759;CN(O)C(=O)CC1=C(C)\C(=C\c2ccc(cc2)[S+](C)[O-])\c3ccc(F)cc13;
CHEMBL62439;CC(C)(C)c1cc(\C=C\2/CCN(c3ccc(Cl)cc3)S2(=O)=O)cc(c1O)C(C)(C)C;1
CHEMBL305076;CCN1CC\C(=C\c2cc(c(O)c(c2)C(C)(C)C)C(C)(C)C)\S1(=O)=O;2.1
CHEMBL331489;CC(C)(C)c1cc(cc(c1O)C(C)(C)C)c2noc(S)n2;50
CHEMBL368682;COc1ccc(cc1)n2nc(cc2c3ccc(C)cc3)C#CC(C)N(O)C(=O)C(C)C;90
CHEMBL64370;Cc1cnc(NC(=O)C2C(=O)N3c4ccc(F)cc4Cc5cc(F)cc2c35)s1;100
CHEMBL435759;[Na+].Nc1c(CC(=O)[O-])cccc1C(=O)c2ccccc2;100
CHEMBL876;[Na+].Cc1ccc(Cl)c(Nc2ccccc2C(=O)[O-])c1Cl;100
CHEMBL543650;Cl.CSC(=N)Nc1nc(ns1)c2cc(c(O)c(c2)C(C)(C)C)C(C)(C)C;170
CHEMBL350729;FC(F)(F)c1cccc(Nc2ncccc2c3oc(S)nn3)c1;190
CHEMBL6;COc1ccc2c(c1)c(CC(=O)O)c(C)n2C(=O)c3ccc(Cl)cc3;200
CHEMBL2111719;Cl.CN(O)C1=NC(=O)\C(=C\c2cc(c(O)c(c2)C(C)(C)C)C(C)(C)C)\S1;330
CHEMBL61731;CC(C)CN1CC\C(=C/c2cc(c(O)c(c2)C(C)(C)C)C(C)(C)C)\S1(=O)=O;410
CHEMBL64337;Fc1ccc(NC(=O)C2C(=O)N3c4ccccc4CCc5cccc2c35)c(F)c1;500
CHEMBL2079592;CN1N=C(SC1=S)c2cc(c(O)c(c2)C(C)(C)C)C(C)(C)C;650
CHEMBL62572;Clc1ccc(NC(=O)C2C(=O)N3c4ccccc4Oc5cccc2c35)cc1;700
CHEMBL64435;Fc1ccc(NC(=O)C2C(=O)N3c4ccccc4Cc5cccc2c35)c(F)c1;800
CHEMBL35313;O=C1Cc2ccc(cc2O1)C3CCCCC3;800
CHEMBL60994;Fc1ccc(NC(=O)C2C(=O)N3c4ccccc4CCc5cccc2c35)cc1;800
CHEMBL325065;CC(C)c1cc(\C=C\2/SC(=O)NC2=O)cc(C(C)C)c1O;820
CHEMBL299794;FC(F)(F)c1cccc(Nc2ccccc2C3=NNC(=S)S3)c1;850
CHEMBL62916;Cc1cnc(NC(=O)C2C(=O)N3c4ccccc4Cc5cccc2c35)s1;1200
CHEMBL64490;O=C(Nc1ccccn1)C2C(=O)N3c4ccccc4Oc5cccc2c35;1500
CHEMBL543891;Cl.CC(C)(C)c1cc(cc(c1O)C(C)(C)C)c2nsc(N=C(N)N)n2;1600
CHEMBL278246;C\C(=C/1\SC(=NC1=O)N=C(N)N)\c2cc(c(O)c(c2)C(C)(C)C)C(C)(C)C;1900
CHEMBL16977;CC(C)(C)c1cc(cc(c1O)C(C)(C)C)c2oc(O)nn2;2500
CHEMBL3144723;COc1ccc(CN2Nc3ccccc3C2=O)cn1;3000
CHEMBL109501;CN1C(=NC(=O)/C/1=C/c2cc(c(O)c(c2)C(C)(C)C)C(C)(C)C)NC#N;3500
CHEMBL64064;Cc1cc(NC(=O)C2C(=O)N3c4ccccc4Cc5cccc2c35)sn1;3900
CHEMBL325315;CC(C)(C)c1cc(\C=C\2/SC(=O)NC2=O)cc(c1)C(C)(C)C;4600
CHEMBL65490;COc1ccc2c(c1)c(CC(=O)N(C)O)c(C)n2C(=O)c3ccc(Cl)cc3;5200
CHEMBL64076;O=C(Nc1ccccn1)C2C(=O)N3c4ccccc4CCc5cccc2c35;5700
CHEMBL292884;Fc1ccc(NC(=O)C2C(=O)N3c4ccccc4Cc5cccc2c35)cc1;5700
CHEMBL162840;Cc1ccc(Cl)c(Nc2ccccc2\C=C\3/SC(=S)NC3=O)c1Cl;6000
CHEMBL297733;Cc1ccc(Cl)c(Nc2ccccc2c3nnc(N)s3)c1Cl;6100
CHEMBL148962;Cc1cc(\C=C\c2cc(c(O)c(c2)C(C)(C)C)C(C)(C)C)nn1C;7000
CHEMBL347975;COc1cc(\C=C\c2onc(C)c2)cc(Br)c1O;9300
CHEMBL435456;Cc1ccc(Cl)c(Nc2ccccc2\C=C\3/SC(=NC3=O)NC#N)c1Cl;10200
CHEMBL81199;C(Oc1cccc(Cc2nnn[nH]2)c1)c3ccc4ccccc4n3;13400
CHEMBL178896;CCOC(=O)CCC(=O)N(O)C(C)C#Cc1cc(c2ccc(CC)cc2)n(n1)c3ccc(OC)cc3;14000
CHEMBL175150;CCC(C#Cc1cc(c2ccc(C)cc2)n(n1)c3ccc(OC)cc3)N(O)C(=O)N;15900
CHEMBL292118;O=C(Nc1nccs1)C2C(=O)N3CCSc4cccc2c34;18000
CHEMBL150783;COc1cc(\C=C\c2onc(C)c2)cc(OC)c1O;22000
CHEMBL293858;CSCCNC(=O)C1C(=O)N2c3ccccc3CCc4cccc1c24;25000
CHEMBL276725;Oc1n[nH]c2ccccc12;30000
CHEMBL357141;CC(C)(C)c1cc(\C=C\c2cc(CC(=O)O)on2)cc(c1O)C(C)(C)C;30000
CHEMBL347053;Cc1cc(on1)\C=C\c2ccccc2;30000
CHEMBL287012;COC(=O)CCC(=O)N(O)c1cccc(OCc2ccc3ccccc3n2)c1;40000
CHEMBL432054;CCOC(=O)C(=CC=C(SC)C(=O)c1ccccc1)N(C)C;50000
CHEMBL52;CC(Cc1ccc(O)c(O)c1)C(C)Cc2ccc(O)c(O)c2;50000
CHEMBL93046;CCSC(=CC=C(O)C(=O)O)C(=O)O;50000
CHEMBL93598;CCO\C(=C(/SCc1ccccc1)\C=CC(=O)C(=O)OCC)\O;50000
CHEMBL418227;O=C1Cc2cccc(C3CCCCC3)c2O1;100000
CHEMBL3144719;O=C1N(Cc2cccc3ccccc23)Nc4ccccc14;100000
CHEMBL3144575;C[C@@H](N1Nc2ccccc2C1=O)c3cccc4ccccc34;400000
CHEMBL306135;OC(=O)Cc1cccc2c(onc12)c3ccc(Cl)cc3;500000
CHEMBL76126;OC(=O)Cc1cccc2c(onc12)c3ccccc3;1000000
CHEMBL338408;COC(=O)CCC(=O)N(O)c1cccc(OCc2nc3ccccc3s2)c1;
CHEMBL130864;COC(=O)CCC(=O)Nc1cccc(Oc2nc3ccccc3s2)c1;
CHEMBL128532;Cn1c(COc2cccc(c2)N3C(=O)CCC3=O)nc4ccccc14;
CHEMBL65140;CC(=O)N1CC\C(=C/c2cc(c(O)c(c2)C(C)(C)C)C(C)(C)C)\S1(=O)=O;1
CHEMBL60496;CC(C)(C)c1cc(\C=C\2/CCN(C3CC3)S2(=O)=O)cc(c1O)C(C)(C)C;2.5
CHEMBL291543;CCN1CC\C(=C/c2cc(c(O)c(c2)C(C)(C)C)C(C)(C)C)\S1(=O)=O;9.5
CHEMBL177727;CCC(C#Cc1cc(c2ccc(C)cc2)n(n1)c3ccc(OC)cc3)N(O)C(=O)C;10
CHEMBL435907;COc1ccc(cc1)n2nc(cc2c3ccc(Cl)cc3)C#CC(C)N(O)C(=O)C;30
CHEMBL369252;COc1ccc(cc1)n2nc(cc2c3ccc(C)cc3)C#CCN(O)C(=O)C;30
CHEMBL527;CN1C(=C(O)c2ccccc2S1(=O)=O)C(=O)Nc3ccccn3;100
CHEMBL176844;CCc1ccc(cc1)c2cc(nn2c3ccc(OC)cc3)C#CC(C)N(O)C(=O)C(C)C;180
CHEMBL65130;CONC(=O)Cc1c(C)n(C(=O)c2ccc(Cl)cc2)c3ccc(OC)cc13;200
CHEMBL62632;CC(C)(C)c1cc(\C=C\2/CCN(CCO)S2(=O)=O)cc(c1O)C(C)(C)C;240
CHEMBL368546;COc1ccc(cc1)n2nc(cc2c3ccc(C)cc3)C#CCN(O)C(=O)N;310
CHEMBL64182;CN(C)CCN1CC\C(=C/c2cc(c(O)c(c2)C(C)(C)C)C(C)(C)C)\S1(=O)=O;340
CHEMBL62723;CC(C)(C)c1cc(\C=C\2/CCN(c3ccncc3)S2(=O)=O)cc(c1O)C(C)(C)C;410
CHEMBL553736;Cl.CN(C)Cc1noc(n1)c2cc(c(O)c(c2)C(C)(C)C)C(C)(C)C;450
CHEMBL139;OC(=O)Cc1ccccc1Nc2c(Cl)cccc2Cl;500
CHEMBL6;COc1ccc2c(c1)c(CC(=O)O)c(C)n2C(=O)c3ccc(Cl)cc3;500
CHEMBL280226;CSC1=NC(=O)\C(=C\c2cc(c(O)c(c2)C(C)(C)C)C(C)(C)C)\S1;600
CHEMBL331793;CC(C)(C)c1cc(cc(c1O)C(C)(C)C)c2noc(N=C(N)N)n2.CS(=O)(=O)O;670
CHEMBL35969;O=C1Cc2ccc(cc2O1)c3ccccc3;700
CHEMBL12483;CC(C)(C)c1cc(cc(c1O)C(C)(C)C)c2n[nH]c(S)n2;780
CHEMBL356510;Cc1cc(\C=C\c2cc(c(O)c(c2)C(C)(C)C)C(C)(C)C)[nH]n1;900
CHEMBL302155;CC(C)(C)c1cc(\C=C\2/CCN(c3ccccn3)S2(=O)=O)cc(c1O)C(C)(C)C;1000
CHEMBL151309;COc1cc(\C=C\c2onc(C)c2)cc(c1O)C(C)(C)C;1100
CHEMBL12302;Cc1cc(on1)\C=C\c2cc(c(O)c(c2)C(C)(C)C)C(C)(C)C;1500
CHEMBL47223;CC(C)(C)c1cc(\C=C\2/OC(=S)NC2=O)cc(c1O)C(C)(C)C;1700
CHEMBL15904;CN1C(=NC(=O)/C/1=C/c2cc(c(O)c(c2)C(C)(C)C)C(C)(C)C)NC(=N)N;2100
CHEMBL17091;CC(C)(C)c1cc(cc(c1O)C(C)(C)C)c2nsc(N)n2;2200
CHEMBL53805;FC(F)(F)c1cccc(Nc2ccccc2c3nnc(NC#N)s3)c1;2600
CHEMBL303199;COc1ccc2c(c1)c(CC(=O)N(O)C(C)C)c(C)n2C(=O)c3ccc(Cl)cc3;2700
CHEMBL177462;CCOC(=O)C(=O)N(O)C(C)C#Cc1cc(c2ccc(C)cc2)n(n1)c3ccc(OC)cc3;3400
CHEMBL3144578;O=C1N(CCCc2ccccc2)Nc3ccccc13;3800
CHEMBL356843;Cc1cc(on1)\C=C\c2ccc(O)cc2;4000
CHEMBL64891;CC(C)(C)c1cc(\C=C/2\CCN(c3ccccn3)S2(=O)=O)cc(c1O)C(C)(C)C;4400
CHEMBL332103;CC(C)(C)c1cc(cc(c1O)C(C)(C)C)c2noc(O)n2;4700
CHEMBL8562;CC(C)(C)c1cc(\C=C\2/CCOC2=O)cc(c1O)C(C)(C)C;5000
CHEMBL59756;Fc1cc2CCCN3C(=O)C(C(=O)Nc4nc(ns4)c5ccccc5)c(c1)c23;5000
CHEMBL274642;NC1=NN(CC1)c2cccc(c2)C(F)(F)F;5000
CHEMBL64458;Fc1cccc(F)c1NC(=O)C2C(=O)N3c4ccccc4Sc5cccc2c35;5000
CHEMBL425860;COc1ccc(cc1)n2nc(cc2c3ccc(C)cc3)C#CCN(O)C(=O)c4ccncc4;5500
CHEMBL369848;COc1ccc(cc1)n2nc(cc2c3ccc(Cl)cc3)C#CC(C)N(O)C(=O)N;6200
CHEMBL84750;C(Oc1cccc2ccccc12)c3ccc4ccccc4n3;6300
CHEMBL444828;Cc1onc(NC(=O)C2C(=O)N3c4ccccc4Cc5cccc2c35)c1;6400
CHEMBL417557;Fc1cccc(F)c1NC(=O)C2C(=O)N3c4ccccc4Cc5cccc2c35;6900
CHEMBL91004;CCO\C(=C(/Sc1ccccc1)\C=CC(=O)C(=O)O)\O;7000
CHEMBL12809;CC(C)(C)c1cc(\C=C\c2oc(N)nn2)cc(c1O)C(C)(C)C;8000
CHEMBL302394;O=C(Nc1ccccn1)C2C(=O)N3c4ccccc4Cc5cccc2c35;9100
CHEMBL112733;Oc1c(cc(\C=C\2/SC(=O)NC2=O)cc1c3ccccc3)c4ccccc4;9600
CHEMBL55620;CN(O)C(=O)Cc1ccc(OCc2cccc(Cl)c2)cc1;10000
CHEMBL112720;CN(O)C1=NC(=O)\C(=C\c2cc(c(O)c(c2)C(C)(C)C)C(C)(C)C)\S1;10000
CHEMBL301136;Nc1nnc(s1)c2ccccc2Nc3cccc(c3)C(F)(F)F;11000
CHEMBL151608;COc1cc(\C=C\c2onc(C)c2)ccc1O;12000
CHEMBL148850;Cc1cc(on1)\C=C\c2cc(Cl)c(O)c(Cl)c2;13800
CHEMBL173009;COc1ccc(cc1)n2nc(cc2c3ccc(Cl)cc3)C#CC(C)N(O)C(=O)c4ccccc4;14900
CHEMBL3144586;O=C1N(CCc2ccccc2)Nc3ccccc13;15000
CHEMBL3144583;CN1Nc2ccccc2C1=O;17000
CHEMBL412905;CN1NC(=O)c2ccccc12;20000
CHEMBL3144714;O=C1N(CCCCc2ccccc2)Nc3ccccc13;26000
CHEMBL3144717;O=C1N(Cc2cccs2)Nc3ccccc13;26000
CHEMBL52;CC(Cc1ccc(O)c(O)c1)C(C)Cc2ccc(O)c(O)c2;30000
CHEMBL12371;Cn1c(S)nnc1c2cc(c(O)c(c2)C(C)(C)C)C(C)(C)C;32000
CHEMBL12395;CC(C)(C)c1cc(\C=C\c2oc(O)nn2)cc(c1O)C(C)(C)C;32000
CHEMBL287012;COC(=O)CCC(=O)N(O)c1cccc(OCc2ccc3ccccc3n2)c1;40400
CHEMBL35209;Cc1ccc(cc1)C(O)c2nc3CCCCCc3cc2C;50000
CHEMBL8260;Oc1cc2OC(=CC(=O)c2c(O)c1O)c3ccccc3;50000
CHEMBL93670;CCO\C(=C(\C=CC(=O)C(=O)OCC)/c1ccccc1)\O;50000
CHEMBL162115;CCc1ccc(nc1)c2nc3ccccc3[nH]2;76000
CHEMBL3144574;O=C1N(Cc2c[nH]c3ccccc23)Nc4ccccc14;94000
CHEMBL64822;O=C(Nc1ncccn1)C2C(=O)N3c4ccccc4Cc5cccc2c35;100000
CHEMBL302208;Cc1cc(NC(=O)C2C(=O)N3CCSc4cccc2c34)sn1;100000
CHEMBL3144718;O=C1N(Cc2ccncc2)Nc3ccccc13;280000
CHEMBL307484;Nc1c(cccc1C(=O)c2ccc(Cl)cc2)C(=O)CCC(=O)O;1000000
CHEMBL75646;CN(C)c1c(CC(=O)O)cccc1C(=O)c2ccccc2;1000000
CHEMBL73348;[Na+].Nc1c(CC(=O)[O-])cccc1C(O)c2ccccc2;1000000
CHEMBL131248;Cn1c(COc2cccc(NC(=O)CCC(=O)O)c2)nc3ccccc13;
CHEMBL112847;CNC1=NC(=O)\C(=C\c2cc(c(O)c(c2)C(C)(C)C)C(C)(C)C)\S1;
CHEMBL15770;C[S+]([O-])c1ccc(\C=C/2\C(=C(CC(=O)O)c3cc(F)ccc23)C)cc1;
CHEMBL303307;CONC(=O)CC1=C(C)\C(=C\c2ccc(cc2)[S+](C)[O-])\c3ccc(F)cc13;
CHEMBL552841;Cl.CN(C)C(=N)Nc1nc(ns1)c2cc(c(O)c(c2)C(C)(C)C)C(C)(C)C;
CHEMBL65325;CN1CC\C(=C\c2cc(c(O)c(c2)C(C)(C)C)C(C)(C)C)\S1(=O)=O;1
CHEMBL1626563;CC(C)(C)c1cc(cc(c1O)C(C)(C)C)c2nsc(NC#N)n2.C[N+](C)(C)CC[O-];11
CHEMBL64585;CC(C)(C)c1cc(\C=C\2/CCNS2(=O)=O)cc(c1O)C(C)(C)C;30
CHEMBL367010;CCc1ccc(cc1)c2cc(nn2c3ccc(OC)cc3)C#CC(C)N(O)C(=O)C;60
CHEMBL122377;CC(C)(C)c1cc(cc(c1O)C(C)(C)C)c2onc(CCl)n2;100
CHEMBL876;[Na+].Cc1ccc(Cl)c(Nc2ccccc2C(=O)[O-])c1Cl;100
CHEMBL175153;COc1ccc(cc1)n2nc(cc2c3ccc(C)cc3)C#CC(C)N(O)C(=O)C;110
CHEMBL302441;CN1OCC\C(=C/c2cc(c(O)c(c2)C(C)(C)C)C(C)(C)C)\S1(=O)=O;200
CHEMBL298672;FC(F)(F)c1cccc(Nc2ccccc2C3=NNC(=S)O3)c1;270
CHEMBL62693;Fc1ccc(F)c(NC(=O)C2C(=O)N3c4ccccc4Sc5cccc2c35)c1;400
CHEMBL6;COc1ccc2c(c1)c(CC(=O)O)c(C)n2C(=O)c3ccc(Cl)cc3;500
CHEMBL302879;O=C(Nc1nccs1)C2C(=O)N3c4ccccc4Cc5cccc2c35;500
CHEMBL48568;CC(C)(C)c1cc(\C=C\2/OC(=O)NC2=O)cc(c1O)C(C)(C)C;650
CHEMBL174922;COc1ccc(cc1)n2nc(cc2c3ccc(Cl)cc3)C#CC(C)N(O)C(=O)N4CCCCC4;690
CHEMBL302838;O=C(Nc1nccs1)C2C(=O)N3c4ccccc4CCc5cccc2c35;700
CHEMBL542941;Cl.CN(C)Cc1onc(n1)c2cc(c(O)c(c2)C(C)(C)C)C(C)(C)C;730
CHEMBL175995;CCc1ccc(cc1)c2cc(nn2c3ccc(OC)cc3)C#CC(C)N(O)C(=O)OC;750
CHEMBL63546;Cc1cnc(NC(=O)C2C(=O)N3c4ccc(F)cc4Cc5cccc2c35)s1;800
CHEMBL64396;Fc1ccc2N3C(=O)C(C(=O)Nc4cc(F)ccc4F)c5cccc(Cc2c1)c35;800
CHEMBL12302;Cc1cc(on1)\C=C\c2cc(c(O)c(c2)C(C)(C)C)C(C)(C)C;1500
CHEMBL94361;CC(C)(C)c1cc(Sc2oc(S)nn2)cc(c1O)C(C)(C)C;1500
CHEMBL353553;COc1ccc(cc1)n2nc(cc2c3ccc(Cl)cc3)C#CC(C)N(O)C(=O)N4CCOCC4;1600
CHEMBL417022;Cc1ccc(Cl)c(Nc2ccccc2c3nnc(S)s3)c1Cl;1700
CHEMBL349233;COc1ccc2c(c1)c(\C=C/3\SC(=S)NC3=O)c(C)n2C(=O)c4ccc(Cl)cc4;2000
CHEMBL175150;CCC(C#Cc1cc(c2ccc(C)cc2)n(n1)c3ccc(OC)cc3)N(O)C(=O)N;2100
CHEMBL48814;CN1C(=O)NC(=O)/C/1=C/c2cc(c(O)c(c2)C(C)(C)C)C(C)(C)C;4600
CHEMBL418514;Fc1cc2CCCN3C(=O)C(C(=O)Nc4nccs4)c(c1)c23;5400
CHEMBL173009;COc1ccc(cc1)n2nc(cc2c3ccc(Cl)cc3)C#CC(C)N(O)C(=O)c4ccccc4;5500
CHEMBL33734;COC(=O)CCC(=O)N(O)c1cccc(OCc2ccc3ccccc3c2)c1;7400
CHEMBL54453;CN(O)C(=O)Cc1ccc(OCc2ccccc2)cc1;9000
CHEMBL151847;COc1cc(\C=C\c2cc(C)ns2)cc(OC)c1O;9000
CHEMBL292707;CC(C)Cc1ccc(cc1)C(C)C(=O)NO;10000
CHEMBL275445;CSc1nnc(\C=C\c2cc(c(O)c(c2)C(C)(C)C)C(C)(C)C)s1;10000
CHEMBL356014;COc1cc(\C=C\c2cc(C)ns2)cc(c1O)C(C)(C)C;11500
CHEMBL17937;FC(F)(F)S(=O)(=O)Nc1ccc2ccc(OCc3ccc4ccccc4n3)cc2c1;11900
CHEMBL3144716;O=C1N(Cc2occc2)Nc3ccccc13;13000
CHEMBL62817;FC(F)(F)c1nnc(NC(=O)C2C(=O)N3CCSc4cccc2c34)s1;14000
CHEMBL16827;CC(C)(C)c1cc(cc(c1O)C(C)(C)C)c2nnc(O)s2;16000
CHEMBL3144577;O=C1N(Cc2ccc3ccccc3c2)Nc4ccccc14;18000
CHEMBL151987;Cc1cc(\C=C\c2cc(c(O)c(c2)C(C)(C)C)C(C)(C)C)n(C)n1;30000
CHEMBL35209;Cc1ccc(cc1)C(O)c2nc3CCCCCc3cc2C;33000
CHEMBL94042;CCO\C(=C(/O)\C=CC(=O)C(=O)OCC)\O;50000
CHEMBL81939;Oc1cccc(OCc2ccc3ccccc3n2)c1;100000
CHEMBL296006;OC(=O)c1ccc2sc(Cn3ccnc3)c(Cl)c2c1;200000
CHEMBL46912;OC(=O)c1ccc2sc(Cn3ccnc3)cc2c1;200000
CHEMBL43141;Cc1c(Cn2ccnc2)sc3ccc(cc13)C(=O)O;200000
CHEMBL44365;Cc1c(Cn2ccnc2)ccc3c(cccc13)C(=O)O;200000
CHEMBL8747;CCCCCC(O)c1cccc(OCc2ccc3ccccc3n2)c1;300000
CHEMBL3144579;O=C1N(Cc2cccnc2)Nc3ccccc13;300000
CHEMBL81199;C(Oc1cccc(Cc2nnn[nH]2)c1)c3ccc4ccccc4n3;
CHEMBL331888;Cc1ccc(cc1)S(=O)(=O)c2nc(ns2)c3cc(c(O)c(c3)C(C)(C)C)C(C)(C)C;
CHEMBL128056;COC(=O)CCC(=O)Nc1cccc(OCc2ccccn2)c1;
CHEMBL131323;COC(=O)CCC(=O)Nc1cccc(OCc2oc3ccccc3n2)c1;
CHEMBL325611;CN(C)C(=N)NC1=NC(=O)\C(=C\c2cc(c(O)c(c2)C(C)(C)C)C(C)(C)C)\S1;
CHEMBL543175;Cl.CN(C)Cc1nc(ns1)c2cc(c(O)c(c2)C(C)(C)C)C(C)(C)C;
CHEMBL13364;CN1C(=O)N(C)c2nc3N(Cc4ccccc4)C(=C(CC#C)C(=O)n3c2C1=O)O;
CHEMBL131069;O=C1CCC(=O)N1c2cccc(OCc3nc4ccccc4s3)c2;
CHEMBL294100;CC(C)(C)c1cc(\C=C/2\CCNS2(=O)=O)cc(c1O)C(C)(C)C;1
CHEMBL303092;CON1CC\C(=C/c2cc(c(O)c(c2)C(C)(C)C)C(C)(C)C)\S1(=O)=O;1
CHEMBL64507;CON1CC\C(=C\c2cc(c(O)c(c2)C(C)(C)C)C(C)(C)C)\S1(=O)=O;2.5
CHEMBL1908355;NC(=O)N1C(=O)\C(=C(/O)\c2cccs2)\c3cc(Cl)ccc13;10
CHEMBL509;Cc1ccc(Cl)c(Nc2ccccc2C(=O)O)c1Cl;100
CHEMBL509;Cc1ccc(Cl)c(Nc2ccccc2C(=O)O)c1Cl;100
CHEMBL28700;[Na+].Nc1c(CC(=O)[O-])cccc1C(=O)c2ccc(Cl)cc2;100
CHEMBL174684;COC(=O)N(O)C(C)C#Cc1cc(c2ccc(C)cc2)n(n1)c3ccc(OC)cc3;140
CHEMBL16048;CC(C)(C)c1cc(\C=C\2/SC(=NC2=O)NC#N)cc(c1O)C(C)(C)C;160
CHEMBL64858;Fc1ccc2N3C(=O)C(C(=O)Nc4nccs4)c5cccc(Cc2c1)c35;200
CHEMBL298672;FC(F)(F)c1cccc(Nc2ccccc2C3=NNC(=S)O3)c1;270
CHEMBL290797;CC1C(=O)Oc2cc(ccc12)C3CCCCC3;400
CHEMBL62616;Cc1cnc(NC(=O)C2C(=O)N3c4ccccc4Sc5cccc2c35)s1;480
CHEMBL285763;[O-][N+](=O)c1cc2CC(=O)Oc2cc1C3CCCCC3;500
CHEMBL34698;CC1C(=O)Oc2cc(ccc12)c3ccccc3;500
CHEMBL301586;FC(F)(F)c1cccc(Nc2ccccc2c3n[nH]c(S)n3)c1;510
CHEMBL54156;Cc1ccc(Cl)c(Nc2ccccc2c3oc(S)nn3)c1Cl;700
CHEMBL1626562;CC(C)(C)c1cc(cc(c1O)C(C)(C)C)c2nnc(S)s2.C[N+](C)(C)CC[O-];800
CHEMBL274642;NC1=NN(CC1)c2cccc(c2)C(F)(F)F;800
CHEMBL828;N1c2ccccc2Sc3ccccc13;940
CHEMBL176945;CCc1ccc(cc1)c2cc(nn2c3ccc(OC)cc3)C#CC(C)N(O)C(=O)CCl;1700
CHEMBL60790;Cc1cc(NC(=O)C2C(=O)N3c4ccccc4Sc5cccc2c35)sn1;2600
CHEMBL44957;CC(C)(C)c1cc(cc(c1O)C(C)(C)C)c2noc(N)n2;3000
CHEMBL55620;CN(O)C(=O)Cc1ccc(OCc2cccc(Cl)c2)cc1;3000
CHEMBL7660;O=C1CCN(N1)c2ccccc2;3000
CHEMBL146786;COc1cc(\C=C\c2cc(C)ns2)ccc1O;3400
CHEMBL60993;COc1cc2CCCN3C(=O)C(C(=O)Nc4cc(F)ccc4F)c(c1)c23;3400
CHEMBL60499;Cc1cc(NC(=O)C2C(=O)N3c4ccc(F)cc4Cc5cc(F)cc2c35)ns1;3500
CHEMBL316040;COc1ccc(cc1)n2nc(CCC(=O)N(C)O)cc2c3ccc(Cl)cc3;4200
CHEMBL146701;Cc1cc(\C=C\c2cc(C)c(O)c(C)c2)[nH]n1;4600
CHEMBL60165;O=C(NC1=NN=CC1)C2C(=O)N3c4ccccc4Cc5cccc2c35;6200
CHEMBL295008;CNC(=S)N(O)C(C)c1c(C)n(C(=O)c2ccc(Cl)cc2)c3ccc(OC)cc13;7000
CHEMBL295243;CNC(=S)N(O)Cc1c(C)n(C(=O)c2ccc(Cl)cc2)c3ccc(OC)cc13;7100
CHEMBL300637;Nc1oc(nn1)c2ccccc2Nc3cccc(c3)C(F)(F)F;7100
CHEMBL149451;Cc1cc(on1)\C=C\c2cc(C)c(O)c(c2)C(C)(C)C;7400
CHEMBL64304;Cc1onc(NC(=O)C2C(=O)N3c4ccccc4CCc5cccc2c35)c1;7500
CHEMBL173939;COc1ccc(cc1)n2nc(cc2c3ccc(C)cc3)C#CC(C)N(O)C(=O)N;9400
CHEMBL284297;O=C1Cc2cc(ccc2O1)C3CCCCC3;10000
CHEMBL553275;Cl.CC(CN1CCOCC1)c2cccc(c2)C(=O)c3ccccc3;10000
CHEMBL34207;COc1cc2CC(=O)Oc2cc1c3ccccc3;10000
CHEMBL368546;COc1ccc(cc1)n2nc(cc2c3ccc(C)cc3)C#CCN(O)C(=O)N;12100
CHEMBL310833;Cc1ccc(cc1)S(=O)(=O)NC(=O)c2cccc(OCc3ccc4ccccc4n3)c2;13400
CHEMBL101;CCCCC1C(=O)N(N(C1=O)c2ccccc2)c3ccccc3;15000
CHEMBL3144573;Cc1ccc(CN2Nc3ccccc3C2=O)cn1;21000
CHEMBL359369;COc1cc(\C=C\c2cc(C)n[nH]2)cc(OC)c1O;30000
CHEMBL8612;O=C1NN(Cc2ccccc2)c3ccccc13;31000
CHEMBL60949;Cc1cnc(NC(=O)C2C(=O)N3CCCc4cc(F)cc2c34)s1;37000
CHEMBL287012;COC(=O)CCC(=O)N(O)c1cccc(OCc2ccc3ccccc3n2)c1;40000
CHEMBL92299;CCOC(=O)C(=O)C=C\C(=C(/O)\c1ccccc1)\Sc2ccccc2;50000
CHEMBL329606;CCOC(=O)C(=O)C=C\C(=C(/O)\c1ccccc1)\SC;50000
CHEMBL94220;CCO\C(=C(\C=CC(=O)C(=O)OCC)/C(=O)c1ccccc1)\O;50000
CHEMBL273584;CCO\C(=C(/Sc1ccccc1)\C=CC(=O)C(=O)N(C)C)\O;50000
CHEMBL73295;CCOC(=O)Cc1cccc(C(=O)c2ccccc2)c1N;50000
CHEMBL8425;CC1=NN(CCOc2ccc3ccccc3c2)C(=O)C1;50000
CHEMBL35425;CCC1C(=O)Oc2cc(ccc12)c3ccccc3;50000
CHEMBL60498;O=C(Nc1ncc[nH]1)C2C(=O)N3c4ccccc4Cc5cccc2c35;100000
CHEMBL538059;Cl.OCCN1CCN(CC1)C(=O)CN2C(=O)Sc3ccc(Cl)cc23;100000
CHEMBL47165;OC(=O)c1ccc2c(Cl)c(Cn3ccnc3)sc2c1;200000
CHEMBL73205;[Na+].Nc1c(CC(=O)[O-])cccc1C(O)c2ccc(Cl)cc2;1000000
CHEMBL337864;COC(=O)CCC(=O)Nc1cccc(OCC(=O)Nc2ccccc2)c1;
CHEMBL13320;CN1C(=O)N(C)c2nc3N(Cc4ccccc4)C(=C(C5CCCC=C5)C(=O)n3c2C1=O)O;
CHEMBL335532;COC(=O)C1CN(C(=O)C1)c2cccc(OCc3oc4ccccc4n3)c2;
CHEMBL130717;COC(=O)CCC(=O)N(C)c1cccc(OCc2nc3ccccc3s2)c1;
CHEMBL334848;COC(=O)CCC(=O)Nc1cccc(OCc2nc3ccccc3n2C)c1;